293,0,1,Meeting wrong treat garden.,2021-11-11 02:04:01 PM
213,1,2,Sort view technology save professional culture everything.,2021-11-08 05:45:59 AM
261,2,5,The want site catch citizen.,2021-11-11 04:38:08 PM
477,3,3,Fund tough east interview interesting difference.,2021-11-04 04:32:33 AM
444,4,3,Environment eat environmental fire.,2021-11-03 02:27:34 AM
165,5,1,Meeting pattern stock value people safe.,2021-11-08 09:18:48 AM
418,6,1,Shake go example draw past.,2021-11-07 05:12:44 AM
12,7,5,Opportunity on enough any policy.,2021-11-03 02:43:28 PM
343,8,1,Base eye theory.,2021-11-04 12:48:17 PM
335,9,4,Tend six think which capital.,2021-11-10 08:31:29 AM
196,10,4,Perhaps million special son.,2021-11-09 12:22:05 AM
490,11,5,Clear consumer role past protect.,2021-11-06 04:50:59 PM
85,12,4,Throw smile station past recently off.,2021-11-05 06:43:46 PM
204,13,4,Continue let on much allow.,2021-11-10 05:59:42 PM
104,14,1,Off present thank election.,2021-11-04 06:25:22 AM
477,15,4,Work treatment brother building note.,2021-11-06 01:48:53 PM
37,16,4,Along special where mention national decade step.,2021-11-10 09:04:52 AM
138,17,3,Explain born money open.,2021-11-06 09:16:25 PM
274,18,4,On environmental challenge.,2021-11-07 02:18:23 AM
332,19,1,View cause foot rather among along.,2021-11-02 08:01:37 AM
125,20,4,Speech study cover second.,2021-11-11 12:49:58 AM
67,21,3,Data benefit happy in behavior institution.,2021-11-05 07:24:13 AM
271,22,5,Mission citizen court mention.,2021-11-08 10:44:27 AM
163,23,1,East chance me.,2021-11-11 01:39:17 PM
494,24,5,Finish all one effort.,2021-11-10 11:40:07 PM
148,25,2,If much fast find lose.,2021-11-07 11:11:03 AM
294,26,4,Operation explain mind see city draw action.,2021-11-05 08:05:26 AM
112,27,1,Wait several onto gun wish.,2021-11-05 07:17:18 PM
455,28,3,Cover strong able sure.,2021-11-04 04:53:05 PM
450,29,4,Use every success discuss north soon.,2021-11-10 09:47:53 AM
359,30,3,Word begin hospital section behind address.,2021-11-11 01:10:53 AM
62,31,1,Great two soldier buy our pressure suggest.,2021-11-06 05:59:03 PM
386,32,3,Wear rock cause poor north ahead.,2021-11-02 10:51:06 PM
281,33,2,Meeting think age nation.,2021-11-06 03:48:07 AM
497,34,1,Positive those future fall.,2021-11-10 05:15:11 AM
459,35,5,Heart statement culture lead process century a.,2021-11-10 01:18:51 PM
253,36,2,Away stand budget.,2021-11-06 06:24:22 AM
307,37,5,Operation ask century.,2021-11-09 11:25:10 PM
121,38,2,Bit board player care since year Congress.,2021-11-04 11:27:33 PM
47,39,1,Like green every for sometimes kitchen drug.,2021-11-05 06:26:27 AM
377,40,3,Continue head community tax any.,2021-11-01 09:21:14 AM
279,41,3,Edge than himself order pressure young program too.,2021-11-05 03:53:10 PM
216,42,5,Eight sea manager similar without food.,2021-11-08 06:07:38 PM
200,43,5,Really red statement price however among such.,2021-11-02 07:53:40 AM
167,44,3,Available back art Congress fast people success.,2021-11-08 03:30:09 AM
323,45,4,Cold suffer consider have simply simply who.,2021-11-07 11:36:33 AM
326,46,2,List threat mouth enjoy large shake.,2021-11-02 06:35:35 PM
101,47,1,Summer science minute.,2021-11-11 07:25:12 AM
241,48,1,Drop worker officer find ten mission early.,2021-11-05 12:35:51 PM
107,49,2,Group serve smile great.,2021-11-04 12:09:33 PM
341,50,5,True visit throughout.,2021-11-07 03:53:33 PM
377,51,1,Brother look player very sense leader third serious.,2021-11-06 09:12:31 PM
52,52,2,Security these Democrat TV live room discussion.,2021-11-03 12:56:46 PM
378,53,1,Be deal full why response professional fight.,2021-11-08 06:29:21 AM
96,54,1,Without half age represent.,2021-11-03 04:25:53 PM
218,55,1,Growth answer bank attorney yard owner.,2021-11-07 07:53:32 AM
292,56,5,Actually interesting civil clearly themselves sure.,2021-11-09 05:50:00 PM
72,57,3,Head art surface yet.,2021-11-07 01:05:09 AM
319,58,4,Seek head truth program money these.,2021-11-07 03:57:26 PM
226,59,4,Clear allow why ball.,2021-11-01 01:53:59 PM
308,60,5,Fire rather guess away think cell interesting seem.,2021-11-06 11:09:37 AM
310,61,4,Manage dog support sister off.,2021-11-10 09:54:09 AM
49,62,3,Center station owner manager risk certainly beat simple.,2021-11-04 03:56:42 PM
111,63,2,Stock course quite.,2021-11-01 08:02:40 AM
37,64,4,Ok attorney certain material above wind.,2021-11-05 07:20:43 PM
74,65,3,According dream determine.,2021-11-03 04:29:30 AM
331,66,1,Mrs general include travel front.,2021-11-09 10:00:21 PM
271,67,1,Run anything style option.,2021-11-03 02:05:09 PM
178,68,2,People TV knowledge church management speech.,2021-11-01 09:29:55 AM
430,69,4,Country law really support five treatment institution.,2021-11-03 06:43:21 PM
380,70,5,Member tree plan tough plant.,2021-11-05 09:39:49 PM
490,71,1,Onto high energy local especially west measure indicate.,2021-11-07 06:43:13 AM
498,72,5,Wear family church feeling.,2021-11-01 05:35:15 PM
19,73,4,Meeting democratic affect no.,2021-11-10 05:09:12 PM
336,74,5,Statement new factor agent consumer church owner.,2021-11-06 04:23:21 PM
393,75,5,Anything huge close beautiful degree field child else.,2021-11-01 03:02:42 AM
378,76,1,Second sport history.,2021-11-09 03:40:12 PM
310,77,5,Car thousand evening pick.,2021-11-09 05:23:58 AM
103,78,3,Language stay defense myself speech.,2021-11-09 07:40:17 AM
384,79,1,Land throughout medical theory.,2021-11-05 01:56:52 AM
118,80,3,Southern technology back sound case control perhaps.,2021-11-03 04:13:12 AM
169,81,3,With field daughter whatever foot film character mother.,2021-11-09 09:39:39 PM
321,82,5,Win set most career.,2021-11-10 04:11:43 AM
178,83,3,End person similar house.,2021-11-08 09:52:15 PM
426,84,5,Health ready space financial build ever research behavior.,2021-11-07 09:04:14 AM
450,85,1,We against guess.,2021-11-11 07:41:53 PM
169,86,5,Recently quality why interest we if.,2021-11-10 03:27:13 PM
357,87,3,Be pressure clearly level.,2021-11-06 01:35:32 AM
72,88,3,Able identify bring.,2021-11-08 08:33:59 AM
440,89,2,Then appear apply western growth city time.,2021-11-06 09:47:07 PM
322,90,4,Consider investment civil speech defense ago ago yes.,2021-11-01 05:59:33 AM
436,91,2,Military energy impact relationship.,2021-11-10 08:13:52 PM
345,92,4,Article address manage team marriage court.,2021-11-10 01:25:38 AM
0,93,2,Brother wide test director plan.,2021-11-09 10:43:39 PM
134,94,3,Prevent hundred behind at during well guess.,2021-11-01 02:21:54 PM
279,95,1,Reach recent involve American let impact.,2021-11-07 05:19:41 AM
471,96,2,Nation cup themselves easy there other.,2021-11-07 10:49:12 AM
336,97,4,Recent attack personal travel either scene.,2021-11-01 03:02:01 PM
417,98,5,Own economy store sign person serious lose.,2021-11-10 07:58:51 PM
16,99,4,Law break good pretty.,2021-11-06 06:38:00 PM
218,100,1,Off court very.,2021-11-08 01:30:35 PM
145,101,5,Including billion artist service.,2021-11-07 04:00:07 PM
10,102,2,Be middle culture study.,2021-11-08 02:03:04 PM
162,103,1,Knowledge beat measure.,2021-11-10 10:58:18 PM
264,104,2,Past win attorney impact upon.,2021-11-11 01:01:19 PM
325,105,5,Recent point our use easy letter.,2021-11-06 01:52:54 PM
157,106,1,Source why miss.,2021-11-08 11:16:03 AM
152,107,5,Girl which old party condition.,2021-11-01 05:03:17 AM
242,108,3,Put speak hundred.,2021-11-09 10:08:09 AM
1,109,5,Firm reveal listen meeting.,2021-11-02 02:27:14 AM
15,110,1,Member national small add activity though investment.,2021-11-01 11:20:49 AM
403,111,2,Lose art trade product past.,2021-11-11 08:25:29 AM
364,112,3,Affect time imagine.,2021-11-04 01:34:04 PM
55,113,1,Least beautiful sing race necessary.,2021-11-11 06:34:24 AM
141,114,1,Let send own now although head.,2021-11-03 04:59:00 AM
400,115,1,Better must tree sea a.,2021-11-06 10:45:15 AM
473,116,2,Quickly notice best performance become perhaps billion special.,2021-11-02 08:33:46 PM
443,117,1,Large turn this paper billion.,2021-11-03 03:55:08 AM
181,118,3,List shake lead clearly together attack east.,2021-11-02 10:57:14 PM
305,119,1,All population suggest reflect friend media wonder.,2021-11-04 06:54:14 AM
338,120,1,Reveal relate deal though market deep environmental event.,2021-11-05 10:02:20 AM
229,121,2,Improve son strategy.,2021-11-08 09:20:15 AM
310,122,2,College popular consumer mouth street culture guess single.,2021-11-05 11:54:17 PM
81,123,1,Stay billion because administration.,2021-11-10 10:07:17 AM
375,124,2,Participant senior investment consider shake subject bit group.,2021-11-08 05:23:10 AM
116,125,4,Machine around to late particular.,2021-11-01 06:21:45 PM
422,126,1,Dog country agreement mother speak cell another method.,2021-11-08 01:01:18 PM
426,127,1,Large draw theory discuss option find.,2021-11-08 06:39:25 AM
186,128,1,Blood institution fire receive writer small.,2021-11-02 05:46:47 AM
328,129,2,Home else and important say.,2021-11-03 10:20:54 AM
458,130,2,Though wife box miss.,2021-11-05 09:53:52 PM
186,131,1,Agency continue car person himself.,2021-11-06 08:12:43 AM
12,132,4,Too into man car response.,2021-11-08 06:38:41 AM
390,133,4,Boy wall drug parent often person about recognize.,2021-11-04 01:36:18 AM
272,134,3,Fight family feeling Democrat expect note federal in.,2021-11-09 01:45:17 PM
229,135,4,Speech against stay effort baby.,2021-11-11 03:58:44 AM
219,136,1,Clearly forward physical idea expect building.,2021-11-05 07:14:26 PM
275,137,4,Culture go small right she machine indicate large.,2021-11-04 04:33:41 AM
321,138,1,Help wait at rise.,2021-11-03 04:50:48 AM
157,139,3,Tough rest one effect top already much.,2021-11-04 04:52:40 PM
272,140,1,Somebody police finally difference.,2021-11-08 05:36:58 AM
264,141,3,Site president there significant dark determine.,2021-11-02 03:55:16 AM
260,142,4,Administration shoulder room hit.,2021-11-06 02:42:11 AM
485,143,5,Start along personal happy summer.,2021-11-05 01:41:39 AM
193,144,3,Father fast prepare international type thing spring.,2021-11-08 02:47:02 PM
179,145,4,We media minute answer.,2021-11-09 08:05:58 AM
489,146,3,Main leader follow hope who hear poor.,2021-11-11 12:52:11 PM
7,147,1,Far issue professor wind land.,2021-11-03 08:30:25 PM
453,148,3,Plant suggest line.,2021-11-06 11:13:16 PM
228,149,3,Until anyone push.,2021-11-02 01:52:20 AM
458,150,4,Choose protect no build community although.,2021-11-08 07:10:03 AM
203,151,5,Deep quality anyone car director resource.,2021-11-10 06:46:20 AM
241,152,2,Especially top sense scientist model off something entire.,2021-11-01 08:58:10 AM
33,153,3,Part sometimes scientist suddenly contain.,2021-11-09 01:34:29 PM
448,154,2,Because argue enjoy writer too would north.,2021-11-09 12:41:21 PM
230,155,5,Suddenly end professor team wall.,2021-11-09 09:27:43 PM
419,156,5,Public price notice write book whatever this.,2021-11-09 04:57:53 PM
481,157,4,Yet everyone themselves age short player factor space.,2021-11-09 02:47:45 AM
297,158,3,Candidate I pressure few.,2021-11-06 08:49:30 PM
89,159,5,Exist his business leader.,2021-11-01 08:02:30 PM
387,160,1,Wish movement our agreement cup plan.,2021-11-05 09:35:08 AM
68,161,5,Return field case ten front.,2021-11-01 03:43:26 AM
110,162,1,Whether kid difference man.,2021-11-01 06:18:12 AM
281,163,1,Likely easy sort.,2021-11-05 01:16:25 AM
390,164,3,Suddenly minute expert suddenly rate behind meet.,2021-11-08 01:49:29 AM
113,165,4,Start room fine a season sea degree young.,2021-11-09 04:15:02 AM
292,166,4,Test base bill hope attack well.,2021-11-07 09:45:09 PM
360,167,3,Debate become floor product page.,2021-11-10 07:10:25 PM
269,168,5,Foreign throughout close involve through.,2021-11-08 04:52:36 PM
84,169,2,International drive be.,2021-11-04 04:37:07 AM
405,170,1,Know among toward kitchen.,2021-11-02 01:12:28 PM
16,171,1,Into door hope story view.,2021-11-04 03:40:29 AM
335,172,3,Movement order production.,2021-11-06 04:34:28 AM
317,173,4,Now year this present either administration get.,2021-11-03 09:16:52 PM
40,174,4,Generation enjoy early home bar teach commercial mean.,2021-11-01 01:20:25 AM
295,175,5,Prevent lay movie.,2021-11-05 08:00:55 PM
384,176,1,Imagine fine subject behind above.,2021-11-03 11:56:22 AM
175,177,3,Street theory girl cost baby.,2021-11-09 01:37:44 AM
455,178,3,Watch give might drive with population.,2021-11-11 02:35:11 PM
118,179,5,Whose election successful low morning rich.,2021-11-05 03:52:17 AM
58,180,4,Material long cold.,2021-11-09 05:47:00 AM
287,181,3,Throughout agreement administration assume.,2021-11-03 02:51:16 PM
342,182,4,Part lead official everyone.,2021-11-09 04:38:53 PM
110,183,5,Film eye executive same team evidence four.,2021-11-03 12:29:50 PM
82,184,4,His move attorney policy fear important require bank.,2021-11-07 02:01:26 AM
77,185,3,West wish until argue likely task reveal.,2021-11-03 06:19:45 AM
354,186,3,Shake meet leave guy cause view approach.,2021-11-04 01:52:31 AM
490,187,4,It prepare whom go have purpose nature.,2021-11-01 11:46:53 AM
57,188,5,Around ground style far spend.,2021-11-07 07:27:19 PM
90,189,3,Administration explain remain democratic face whom store phone.,2021-11-07 10:33:40 AM
460,190,3,Service hand method determine dinner voice deep.,2021-11-07 08:57:17 AM
105,191,5,Everyone song baby determine important land try.,2021-11-04 10:33:17 PM
426,192,4,Television approach marriage Congress blue same save center.,2021-11-02 07:25:01 PM
122,193,3,No economic wonder read represent explain hotel.,2021-11-01 09:49:02 AM
413,194,3,Stay approach study plant often force major.,2021-11-07 08:09:26 AM
321,195,1,Down building wide.,2021-11-04 04:44:58 AM
344,196,4,Fine strategy base.,2021-11-10 12:05:38 AM
268,197,1,Tell sometimes quality crime.,2021-11-02 08:05:54 PM
109,198,3,Under anything should ok radio notice.,2021-11-02 12:52:22 PM
410,199,5,Way bring executive change smile similar series.,2021-11-11 11:38:16 AM
448,200,4,Adult identify until state should anything.,2021-11-03 05:04:33 PM
281,201,3,Bad series political eat tell knowledge learn per.,2021-11-07 04:30:27 PM
361,202,2,Allow budget might book clear build employee.,2021-11-09 07:34:39 AM
313,203,4,Have bring believe middle consumer second box serve.,2021-11-09 03:34:19 AM
401,204,2,Issue or measure response manager ability our.,2021-11-11 06:44:44 PM
466,205,3,Lot six such return.,2021-11-08 09:02:25 PM
264,206,5,Wonder series join matter number by woman family.,2021-11-11 08:19:16 AM
189,207,2,Discussion return list skill list daughter so.,2021-11-08 10:48:55 PM
279,208,4,Fire try test home light worry yeah issue.,2021-11-06 07:57:00 PM
335,209,2,Soldier information Mr control open reflect.,2021-11-09 03:41:05 AM
222,210,3,Often rule fall though catch message approach identify.,2021-11-01 12:45:03 PM
102,211,1,Direction car just letter east bill American.,2021-11-10 01:03:18 PM
220,212,2,Activity sense mention human imagine church.,2021-11-01 05:37:04 AM
251,213,5,Push situation real who lay much everybody.,2021-11-04 07:41:39 PM
357,214,2,Always miss shoulder light heavy alone bag.,2021-11-08 11:12:50 PM
56,215,4,Body nature suffer right.,2021-11-10 07:27:41 PM
489,216,1,Fire letter subject and son two eye.,2021-11-10 12:04:58 PM
482,217,4,Relate wear pretty law bag.,2021-11-04 07:38:13 AM
422,218,5,Maybe general still.,2021-11-10 02:41:24 PM
165,219,3,Treatment as husband feeling star computer feel.,2021-11-04 07:56:41 PM
311,220,1,Quality answer occur have tree knowledge cost.,2021-11-05 11:11:35 AM
324,221,2,Help pressure tell treat be thank.,2021-11-03 10:37:36 AM
27,222,3,Just throw help note.,2021-11-04 01:10:27 AM
41,223,2,Serious card huge professional.,2021-11-09 02:50:42 AM
476,224,3,Mention consumer standard describe.,2021-11-01 10:55:39 PM
186,225,1,School happy coach him wait go relate stock.,2021-11-04 01:50:13 PM
444,226,5,Five agreement treatment tend since.,2021-11-09 01:25:11 PM
160,227,2,Become issue either large picture.,2021-11-03 06:57:32 PM
48,228,5,House research may may manage.,2021-11-04 01:25:00 PM
335,229,3,Day Mrs once population return Congress not value.,2021-11-08 06:40:39 AM
491,230,1,Police suddenly discussion rest.,2021-11-10 06:51:34 AM
480,231,4,Make generation suggest.,2021-11-06 01:48:40 AM
435,232,4,Order evidence in.,2021-11-05 03:36:35 PM
310,233,2,Probably ready then go.,2021-11-03 05:25:19 AM
324,234,4,Suffer majority always kitchen director.,2021-11-06 08:27:00 PM
424,235,2,Strategy scientist sort election spend.,2021-11-09 01:34:10 AM
71,236,2,Program material experience.,2021-11-05 07:18:38 PM
384,237,2,Hold must scientist weight product.,2021-11-11 11:16:01 AM
30,238,5,Care huge health get central.,2021-11-10 05:21:41 PM
359,239,1,Magazine responsibility modern may fill.,2021-11-05 10:30:24 AM
420,240,4,Type hear mother do.,2021-11-05 01:09:09 PM
196,241,3,Fund strong thought third threat condition difficult.,2021-11-05 06:30:17 AM
334,242,3,Within article capital remain church player.,2021-11-04 09:15:30 AM
252,243,2,Difference decision however stuff.,2021-11-01 01:56:28 PM
174,244,4,Democrat stage decide such.,2021-11-09 11:53:22 AM
115,245,1,Side meeting speech former he.,2021-11-11 07:18:35 PM
462,246,1,List board relationship.,2021-11-05 05:53:51 AM
148,247,3,Five among else Republican agree.,2021-11-11 12:16:41 AM
160,248,3,Whom specific she article develop parent air.,2021-11-01 12:20:54 AM
330,249,3,Improve time yard property know benefit space.,2021-11-02 02:28:43 PM
427,250,1,Country occur yourself discussion sing.,2021-11-09 04:41:58 AM
192,251,5,Very respond wife reflect.,2021-11-01 06:42:49 PM
330,252,1,Respond friend environment debate on significant.,2021-11-11 02:14:30 PM
219,253,2,Society enter company popular increase benefit.,2021-11-02 10:22:52 PM
445,254,4,Event level will agent expect table wind.,2021-11-04 02:44:37 AM
187,255,3,Teach effect ever.,2021-11-02 02:32:51 AM
28,256,2,Sound activity simple girl happen.,2021-11-06 03:24:51 AM
64,257,2,Training figure wide edge leave discover because.,2021-11-09 12:39:49 AM
137,258,5,Control until respond begin also.,2021-11-06 08:51:57 PM
415,259,5,Also how reduce recognize.,2021-11-06 03:10:41 PM
142,260,3,Government middle risk face let edge.,2021-11-02 11:07:30 PM
409,261,3,Move boy leave interest indeed understand.,2021-11-06 11:28:29 AM
0,262,2,Often through per memory anything their.,2021-11-01 11:55:46 AM
175,263,4,Then stand owner consider.,2021-11-11 08:36:21 AM
81,264,2,Author national city hard movement.,2021-11-08 04:10:20 PM
180,265,4,Onto grow night across hand.,2021-11-09 11:42:26 PM
176,266,4,Civil drop church give space.,2021-11-08 12:16:39 AM
496,267,1,Show foreign PM they.,2021-11-08 07:32:09 AM
271,268,3,Program new join rock scientist.,2021-11-01 06:03:26 AM
248,269,4,Box leg suddenly table product hit message.,2021-11-03 05:14:29 PM
12,270,3,Store decide up page politics contain meeting.,2021-11-11 08:49:27 AM
164,271,2,Price tax able measure dog hospital thank finally.,2021-11-05 12:57:21 AM
232,272,5,Key fight describe pick.,2021-11-08 02:22:16 PM
34,273,4,Hotel Mrs throughout generation thus interest.,2021-11-08 12:17:54 AM
362,274,5,Purpose according rock three lose plant should paper.,2021-11-07 10:08:09 PM
398,275,2,Day walk responsibility PM.,2021-11-11 12:31:26 PM
280,276,3,Gas decide investment.,2021-11-01 05:30:08 PM
37,277,1,Development administration recently interest right.,2021-11-06 09:33:49 AM
394,278,3,Him protect throw within.,2021-11-09 08:45:03 AM
348,279,1,Each clearly drive gun.,2021-11-06 05:05:49 AM
199,280,1,Stage point get college type eat some.,2021-11-09 01:13:26 PM
194,281,3,Play everyone want animal stuff sign yet.,2021-11-07 03:08:24 AM
363,282,3,Argue necessary everyone nation kitchen.,2021-11-01 05:01:50 AM
139,283,1,Former vote another might arm.,2021-11-04 06:32:21 PM
245,284,4,Bag then project success big trial.,2021-11-01 08:11:33 AM
121,285,5,Nor dream test door statement.,2021-11-08 06:57:01 AM
426,286,5,World table professional provide score.,2021-11-10 09:33:32 PM
217,287,1,Near offer opportunity.,2021-11-04 03:03:48 PM
257,288,4,Anyone consider dinner.,2021-11-01 07:01:11 AM
367,289,1,She upon wonder.,2021-11-10 06:36:31 AM
197,290,5,Ago management onto social Mrs.,2021-11-10 11:40:18 PM
237,291,5,Buy free parent business.,2021-11-08 10:11:43 AM
129,292,5,Test per ago six find rate.,2021-11-09 02:11:37 AM
274,293,2,Mission view before center main.,2021-11-08 02:37:57 PM
226,294,1,Success girl much century.,2021-11-11 02:29:35 PM
238,295,3,Improve maybe give also speak.,2021-11-01 08:46:29 PM
333,296,1,Seven west pick music no structure human.,2021-11-02 09:52:10 PM
269,297,3,Sing ground impact suffer.,2021-11-11 04:27:50 AM
258,298,1,Development bring wear memory parent indeed.,2021-11-04 05:01:12 PM
29,299,2,Necessary until suddenly.,2021-11-09 10:03:57 PM
434,300,2,Option picture lay drop.,2021-11-10 12:55:01 AM
194,301,4,Ask heavy tax nice.,2021-11-05 06:39:18 PM
148,302,3,Believe support modern.,2021-11-08 09:56:45 PM
142,303,1,After science star possible quality husband western.,2021-11-03 09:45:00 AM
321,304,2,Meeting store technology foreign nor ability never.,2021-11-08 11:54:24 PM
99,305,1,Key south prepare walk.,2021-11-07 07:18:03 AM
494,306,3,Early option attorney skill trouble.,2021-11-08 10:02:21 AM
248,307,3,Analysis can myself company senior lay your.,2021-11-04 01:36:02 AM
40,308,1,This edge between case.,2021-11-05 01:54:16 AM
46,309,3,Million amount particular able side my.,2021-11-10 10:49:40 AM
149,310,5,Hand agree hotel statement from.,2021-11-07 02:52:45 PM
72,311,1,Voice think view fine poor leg.,2021-11-09 03:00:51 PM
269,312,2,Guy within bit plant nearly.,2021-11-07 01:52:55 AM
497,313,2,Yet mention training apply southern street arrive.,2021-11-03 11:10:35 AM
332,314,5,Recently course consumer could.,2021-11-06 01:56:44 PM
498,315,3,Poor image other each.,2021-11-06 02:27:56 AM
170,316,4,During maybe reality forget protect care something.,2021-11-10 02:08:44 PM
174,317,3,Peace tend manager player right.,2021-11-09 07:10:17 AM
385,318,3,Room forward choose college society serve require.,2021-11-02 07:43:16 AM
21,319,5,Check us Mrs sell section security.,2021-11-07 10:56:16 PM
301,320,1,Walk article good.,2021-11-01 11:14:24 PM
189,321,4,Allow expect particularly story reveal degree.,2021-11-06 08:12:32 PM
430,322,2,Source travel bed red by whatever keep.,2021-11-06 04:16:59 PM
274,323,5,Hour coach story property.,2021-11-02 12:40:24 PM
315,324,1,Investment situation court black onto.,2021-11-02 08:24:19 AM
158,325,4,Condition nature only do account war.,2021-11-05 05:43:30 PM
64,326,5,Across believe kid development collection light.,2021-11-07 08:23:27 AM
20,327,5,Admit my card help.,2021-11-01 07:53:52 PM
282,328,2,Describe herself prove.,2021-11-05 05:00:14 PM
247,329,4,Before number more performance involve.,2021-11-02 07:02:12 AM
154,330,5,Rise movie sure operation.,2021-11-06 06:50:27 AM
321,331,3,Oil hold sell recent wish behind.,2021-11-07 01:40:04 PM
115,332,2,Mother they cup answer magazine.,2021-11-03 11:51:31 PM
346,333,4,Gas plant strong soon instead.,2021-11-08 04:53:08 AM
424,334,4,Rest doctor assume walk range.,2021-11-08 06:51:57 AM
7,335,1,Bank door management effect once go.,2021-11-02 11:46:50 AM
459,336,2,Case firm upon woman election wear leader administration.,2021-11-09 09:35:59 PM
389,337,4,Price leader she occur sometimes sister thus.,2021-11-07 10:01:05 PM
53,338,1,Market purpose indicate easy.,2021-11-09 05:54:01 AM
41,339,3,Beautiful figure fine place gas sign.,2021-11-05 06:59:55 PM
424,340,4,Traditional maintain choice indeed.,2021-11-03 01:42:38 AM
235,341,3,Kid all rate share painting state.,2021-11-01 02:37:51 PM
89,342,2,Approach simple fight case we president.,2021-11-03 03:11:51 PM
163,343,3,Cut together international quickly east according stand.,2021-11-10 09:23:04 AM
349,344,3,Coach call fear leg nothing central.,2021-11-10 01:05:40 PM
256,345,2,Much next thank believe investment.,2021-11-03 08:07:25 PM
312,346,1,System action structure particularly however true.,2021-11-02 04:57:41 PM
51,347,1,Adult last prove finally.,2021-11-06 10:47:34 AM
56,348,1,Special agency take will.,2021-11-05 12:20:49 AM
427,349,4,Hard once treat idea attorney himself minute college.,2021-11-06 03:32:37 AM
420,350,2,Three plan speech consider business.,2021-11-02 06:45:28 PM
396,351,2,Cultural fine wear answer still magazine particular southern.,2021-11-03 06:28:30 PM
490,352,1,Democratic sense large.,2021-11-04 03:02:35 AM
438,353,3,Decision heart guess later participant analysis.,2021-11-06 07:57:21 PM
1,354,3,Against process mention war example lay green.,2021-11-04 08:42:22 PM
137,355,2,Cold nor enough major want why lot look.,2021-11-04 12:30:09 PM
119,356,2,Modern six western heart.,2021-11-10 02:49:21 PM
123,357,3,Window describe relate despite less form along.,2021-11-06 12:32:49 AM
240,358,2,Can wish interview control.,2021-11-02 05:45:38 PM
481,359,2,Society rise travel trip inside what any.,2021-11-02 02:35:05 AM
418,360,1,Only five responsibility value reveal evening.,2021-11-10 09:12:27 PM
170,361,3,May leader decision man wait example car professional.,2021-11-08 04:13:16 AM
435,362,4,Opportunity positive top set black.,2021-11-11 06:01:40 PM
312,363,1,Dinner amount present friend dinner.,2021-11-03 04:35:11 PM
424,364,5,Student pick despite machine organization suffer coach environmental.,2021-11-05 03:03:25 PM
124,365,5,Marriage price what meeting.,2021-11-07 01:44:55 PM
178,366,4,Simply their interesting place clear class everyone start.,2021-11-02 10:47:26 PM
370,367,4,Until trade nothing save.,2021-11-01 02:53:49 PM
459,368,2,Red left event current data six run.,2021-11-02 05:27:48 PM
49,369,4,I determine design throw thus party simply be.,2021-11-02 05:05:38 PM
45,370,4,Body never get.,2021-11-03 06:33:09 PM
107,371,5,Red institution station economy adult west somebody maintain.,2021-11-07 09:26:32 PM
325,372,3,Believe see word pretty.,2021-11-06 12:24:23 PM
359,373,3,Answer federal teacher lay food ok.,2021-11-04 06:59:10 PM
57,374,1,Whatever lot energy into office series.,2021-11-11 01:28:44 AM
476,375,3,Pay research worry success.,2021-11-08 12:18:21 AM
205,376,2,Find kid check tend too money including particular.,2021-11-09 04:57:55 AM
155,377,3,Own whether same size lay table.,2021-11-04 03:23:08 PM
374,378,5,Lawyer military under small thought.,2021-11-02 04:50:29 AM
457,379,3,Keep could apply Democrat home.,2021-11-01 06:39:14 AM
72,380,3,Who approach town specific activity practice begin yet.,2021-11-04 06:25:13 PM
128,381,3,Various late church item with high then.,2021-11-02 09:50:54 AM
487,382,5,Require rise have coach.,2021-11-04 08:45:21 AM
334,383,2,Too increase whatever could Democrat interesting find.,2021-11-09 06:37:16 PM
115,384,4,But among determine.,2021-11-02 12:48:44 PM
433,385,1,Manage cup believe go land better relate.,2021-11-02 09:55:29 PM
451,386,5,Call lawyer professor yes.,2021-11-05 11:08:00 PM
83,387,5,Structure individual official represent yet.,2021-11-07 02:40:28 PM
394,388,3,Realize tough side first whole each clearly.,2021-11-02 09:53:19 AM
457,389,5,Onto Congress nature shoulder hotel inside commercial.,2021-11-06 12:52:36 PM
60,390,4,Suddenly into soldier assume chance.,2021-11-07 05:58:02 PM
254,391,4,Since standard dream price history firm happen.,2021-11-10 11:54:57 AM
456,392,3,Trade lay act arm use white relationship.,2021-11-09 02:19:42 PM
84,393,5,About such able old world she Republican.,2021-11-04 02:56:29 PM
278,394,1,Grow successful one tell indeed eye owner.,2021-11-05 08:47:31 AM
35,395,1,It since north without west.,2021-11-06 08:24:19 PM
74,396,4,Nature physical everything green situation trial series.,2021-11-10 06:53:08 PM
33,397,4,Ready whose go central.,2021-11-10 04:12:22 PM
108,398,4,Specific herself your right body.,2021-11-05 10:49:06 PM
497,399,5,Dinner store product production hand.,2021-11-01 07:29:45 AM
64,400,3,Serious enough perform civil begin leader.,2021-11-11 07:44:19 PM
212,401,1,American four well station religious.,2021-11-11 06:30:36 AM
469,402,3,Old allow detail where green four.,2021-11-03 09:18:46 AM
187,403,2,Professional nature fish court.,2021-11-10 11:23:29 AM
313,404,4,Try eye whole employee consider head south history.,2021-11-03 09:08:09 AM
482,405,1,Try southern campaign thing some assume difference.,2021-11-07 01:20:11 AM
495,406,3,Pretty spring forward relationship prove school whether.,2021-11-03 02:57:25 PM
327,407,5,Traditional water although structure its later.,2021-11-09 03:37:18 PM
21,408,3,Own wife big trouble right.,2021-11-08 09:34:56 PM
62,409,1,Forget size mind enter share.,2021-11-02 09:56:59 PM
152,410,5,Behavior nothing understand.,2021-11-06 01:24:00 AM
87,411,3,Mention size kitchen defense under key risk.,2021-11-02 10:16:03 PM
399,412,3,Street glass interest together into.,2021-11-07 08:38:26 AM
415,413,2,Training soon federal military trip.,2021-11-01 12:15:00 PM
69,414,1,Mention wrong entire heavy operation church simply.,2021-11-02 12:47:51 AM
302,415,5,Play actually name his keep rule recognize.,2021-11-08 03:25:43 PM
259,416,4,Firm similar city civil whatever.,2021-11-07 01:58:07 PM
134,417,4,Treatment pressure resource almost prevent receive.,2021-11-09 10:35:32 AM
372,418,1,Dream run either start.,2021-11-04 01:50:16 AM
96,419,5,Serious morning population program feel two everybody.,2021-11-03 04:02:32 AM
322,420,1,Top news use.,2021-11-01 05:57:04 PM
393,421,3,Level end center.,2021-11-10 03:24:14 PM
24,422,1,Idea institution result we mother law.,2021-11-05 11:46:45 PM
121,423,1,Her high always sort yes while environment.,2021-11-05 09:32:53 PM
361,424,4,Address sort action American trade pay.,2021-11-07 10:41:28 PM
422,425,5,Simply most our chair prepare treat.,2021-11-11 07:26:11 PM
451,426,1,Policy exist not meet.,2021-11-01 08:32:11 PM
400,427,2,However special collection call.,2021-11-09 05:53:24 PM
63,428,3,Relate probably movie big else its small.,2021-11-07 01:46:30 AM
343,429,2,Next before rock add arm positive.,2021-11-01 09:45:38 AM
498,430,2,Including ahead consider home share.,2021-11-09 06:52:19 AM
164,431,3,Describe natural stand popular like somebody.,2021-11-03 02:13:39 PM
231,432,2,Between final floor morning media beat.,2021-11-03 08:01:57 AM
364,433,2,Life simply purpose data thought check.,2021-11-11 12:17:53 AM
489,434,4,Possible bar care body outside fine blue.,2021-11-04 07:23:29 PM
432,435,1,Relate pass serious left ground.,2021-11-05 05:33:01 AM
334,436,5,Agent home two easy analysis ago as city.,2021-11-03 07:32:33 AM
144,437,3,Concern way light pick.,2021-11-10 01:13:45 PM
302,438,3,Behind ok radio condition Democrat maintain lawyer.,2021-11-11 01:06:57 AM
333,439,2,Leave wife language recently father under.,2021-11-02 03:23:44 PM
70,440,4,Question analysis region often sport foreign.,2021-11-01 06:26:16 AM
128,441,4,Build example edge field close affect.,2021-11-10 04:29:02 AM
74,442,1,Our explain ball call magazine.,2021-11-10 06:09:20 AM
176,443,2,Western nature senior score.,2021-11-08 01:28:39 AM
435,444,5,Go bill miss middle true even attorney.,2021-11-01 01:45:10 PM
207,445,5,Health term likely town.,2021-11-08 11:16:59 PM
292,446,3,Everyone station situation course wear keep.,2021-11-02 03:12:32 AM
296,447,4,Particular grow later after bed.,2021-11-08 10:53:45 AM
225,448,3,Decide smile small space order girl around take.,2021-11-03 05:53:56 PM
282,449,5,Consider just bank process.,2021-11-07 02:38:26 PM
497,450,2,Study subject within free ahead law.,2021-11-06 05:40:31 PM
265,451,4,Return see past Mr something alone case.,2021-11-11 05:40:15 PM
430,452,4,Gun shake house until.,2021-11-09 09:25:28 PM
455,453,3,During bad over exist south mother executive.,2021-11-09 12:24:42 PM
229,454,1,It pattern last left smile create water.,2021-11-08 10:06:22 AM
458,455,3,Court child better community.,2021-11-07 10:49:25 PM
136,456,1,Occur pick action media next response.,2021-11-02 01:27:53 PM
5,457,5,Actually choice western.,2021-11-11 11:07:40 AM
418,458,1,Hear final picture soldier long individual such.,2021-11-04 03:12:46 PM
299,459,4,Staff several from.,2021-11-11 02:09:33 PM
399,460,5,End huge arm success girl site prevent full.,2021-11-07 09:46:43 AM
120,461,1,Less operation likely message anyone.,2021-11-09 12:44:31 AM
294,462,1,Instead ready list carry easy.,2021-11-05 07:18:25 PM
95,463,5,Teacher tree give weight ready.,2021-11-09 11:26:41 PM
392,464,1,Four yeah read toward husband east.,2021-11-10 07:01:45 PM
194,465,3,Paper challenge officer stay maintain mean.,2021-11-02 05:38:33 AM
253,466,3,Local arm world four.,2021-11-06 04:35:30 AM
251,467,5,Community compare green yet professor.,2021-11-09 12:27:46 AM
48,468,3,Anyone relationship field.,2021-11-04 07:15:49 AM
393,469,2,Person network everyone would level enter.,2021-11-06 03:42:36 AM
160,470,3,Claim lead first read.,2021-11-02 04:07:34 PM
84,471,2,Never expert lay say.,2021-11-04 03:22:43 AM
465,472,2,Small some claim describe involve.,2021-11-02 07:56:28 AM
135,473,3,Whom expert everyone.,2021-11-08 07:18:47 AM
287,474,4,Toward people nearly level blood interesting.,2021-11-01 07:14:46 AM
180,475,1,Big deal tend pick mouth score nice.,2021-11-04 11:29:25 AM
222,476,5,Seek ability smile others room decide.,2021-11-10 02:44:35 PM
130,477,5,Almost tax probably information.,2021-11-02 12:31:17 AM
279,478,1,Technology model organization least tend she.,2021-11-11 06:54:24 AM
50,479,5,Congress every society still purpose.,2021-11-01 05:43:01 PM
48,480,3,Word language training much room land than.,2021-11-01 03:05:29 PM
427,481,1,Reveal magazine election true source.,2021-11-03 11:28:08 AM
393,482,5,Foot write degree everything around key.,2021-11-08 07:11:09 AM
330,483,2,Interview art current.,2021-11-08 10:39:03 PM
369,484,2,Water address box wait simple hit law.,2021-11-05 10:04:41 AM
178,485,2,Hand training according nature.,2021-11-06 07:26:09 PM
91,486,5,Much anyone arrive religious become early eye.,2021-11-11 02:48:30 PM
465,487,4,Share nice firm share.,2021-11-11 03:25:17 AM
364,488,1,Everyone PM tough professional me.,2021-11-03 03:45:11 PM
173,489,3,Himself money wide decision wish mouth better.,2021-11-10 09:00:54 PM
305,490,1,Unit they case focus.,2021-11-02 09:50:28 AM
495,491,3,Would no effort business whom industry car.,2021-11-10 04:16:00 PM
188,492,3,School machine audience a pretty.,2021-11-05 02:46:36 PM
86,493,4,Enter ready since newspaper message international.,2021-11-08 11:22:29 AM
140,494,5,Pass safe program nice any fish.,2021-11-05 09:58:04 AM
471,495,5,Big seat thought responsibility beat.,2021-11-10 01:58:44 PM
402,496,4,Lawyer necessary tell create.,2021-11-07 09:42:51 PM
178,497,4,Certain central popular history.,2021-11-04 02:50:59 PM
243,498,2,Prevent maybe attack air hot figure painting.,2021-11-04 02:23:35 AM
226,499,5,Charge common this thus watch.,2021-11-06 06:35:06 PM
