1,258,Month of test difference turn ready process commercial.,4
2,148,Maybe thank campaign those house hope family.,1
3,426,Pull hospital find group nearly appear term.,2
4,443,Long out apply own yourself authority have paper.,1
5,487,Seem care music various ago item seat.,2
6,296,Environmental feel could anything.,4
7,1,Student guess quality suggest second heavy.,4
8,288,Rise decision at move dog figure best.,1
9,301,Road effect final some ground field personal.,4
10,182,Lose success fish look land too little.,3
11,216,Fire authority scene chair church number.,1
12,262,Main fact military whatever although push lay.,1
13,404,Most medical remain level.,4
14,476,Traditional event study table move avoid happy.,5
15,487,Traditional arm safe focus parent event.,3
16,140,Bed serve network animal share early soon.,2
17,273,Policy responsibility that speak key.,4
18,92,Improve happen themselves maybe pretty.,3
19,398,Newspaper study long according start.,4
20,189,It simply seek almost time.,3
21,396,Health talk consider author.,3
22,408,Eight half throw for.,1
23,285,Real should recent compare including painting.,2
24,54,Unit actually plant everything important research mention strong.,3
25,295,Who report hard matter reach.,1
26,265,Age speech his career popular data.,3
27,157,Up entire happy test.,1
28,442,Politics can leader.,4
29,248,Party present situation life improve best someone.,5
30,422,Conference deep successful.,2
31,492,Center water east your.,4
32,217,College point more fill few.,2
33,180,Him prepare quickly city approach guy.,2
34,99,Positive most fear.,5
35,41,Responsibility direction point rise surface network work sell.,2
36,430,Local represent language generation certain sing report dog.,3
37,464,Out reason card rate some.,2
38,429,Join collection involve.,3
39,356,Whose edge magazine brother car me.,1
40,295,Will black prepare blue throw test alone everybody.,3
41,281,Test mission attention these.,4
42,187,Bank finish there information citizen ability forward.,4
43,5,Such building lot though movement black perhaps.,2
44,392,Grow meeting business next.,5
45,193,Stand thousand social fund campaign.,5
46,438,Investment young outside would off.,4
47,118,Participant he trip reveal.,3
48,298,Language conference manage other former sure.,5
49,144,Onto run child fall.,1
50,418,After check at.,5
51,206,Real after professor position speak more.,3
52,457,Reason management between effort both pattern along.,3
53,443,Sport baby first sit.,5
54,119,Follow statement think.,5
55,313,Force region series hospital soon ever.,4
56,317,Fear capital today than learn.,3
57,482,Quite statement evening choice our.,3
58,307,Beat ten station still blue or remember middle.,2
59,430,Official rock author me off although.,1
60,313,Popular material adult room.,5
61,44,Others national practice son occur produce physical under.,4
62,415,Common see third firm.,3
63,315,Along know adult my design exactly.,2
64,23,Court early mind teacher.,3
65,458,Some son top reach police bit.,4
66,481,Raise analysis somebody buy gun degree.,4
67,82,Car carry history performance month develop.,1
68,89,While tend at thousand behavior.,2
69,404,Hour foot second wall.,5
70,330,From account attack address money toward total protect.,5
71,399,Bit laugh stop.,1
72,12,Big laugh fight significant campaign.,1
73,218,Up like daughter admit some season begin why.,3
74,163,Specific off service present policy fact law.,4
75,147,Work fish game movie score because artist.,3
76,299,Feeling trade age music early player.,2
77,180,Accept east case agreement discuss if.,3
78,144,Level however other sign newspaper recent other.,3
79,323,Know leg process final race event.,2
80,417,Around scene night base star tonight meeting quite.,1
81,193,Arrive office election of trouble policy whose production.,5
82,373,Wife commercial already minute according season.,5
83,426,Model full start suffer.,2
84,125,Year field military big yet must certainly matter.,2
85,243,Push suddenly against use entire.,5
86,62,Data effort within better two.,4
87,147,People strategy never plant analysis full.,1
88,295,Now society pay growth yes.,4
89,454,Fill also food stand little serious foreign.,5
90,171,Add cup if method its plan.,4
91,193,Western culture by business party draw study.,5
92,206,Senior stuff short discover event base.,4
93,213,Meet school impact pay arrive rule.,2
94,181,Drop already film whose computer she buy.,5
95,66,Street across firm factor.,1
96,296,Marriage cause value former affect.,5
97,13,Teacher half quite specific how thing until.,3
98,241,Field culture professional debate debate attorney eye.,4
99,262,Such contain perform huge apply.,5
100,499,Such popular magazine popular drive wide.,3
101,5,Possible increase pick.,4
102,408,History least this.,5
103,6,Economy result big.,1
104,40,Young western agreement south subject agency ball.,1
105,309,Author my option need anyone.,4
106,155,Share voice meeting officer wait travel.,4
107,352,Reveal gun adult response song single buy.,3
108,299,Marriage type lose shake.,1
109,422,Game stage special day know year.,2
110,132,First role meet time manage staff.,4
111,261,Our rate form service force security.,3
112,418,Recognize break finally.,3
113,436,Both build east amount sense product effort.,2
114,373,Into list four ok blood.,2
115,243,Get measure room heart author.,1
116,105,Class eye full when similar then all.,3
117,241,Coach example issue region environment right those quality.,1
118,189,Home foreign appear meeting position yourself seek.,5
119,430,Heart chance set to message ahead team face.,4
120,44,Role standard sort including event realize president.,4
121,373,Just government degree Democrat finally shoulder.,5
122,285,Improve sell view term describe.,4
123,44,Eye hot million red mouth leave member.,2
124,132,Often white you each move.,3
125,232,Born sister use reality purpose.,2
126,261,Child tree least benefit very all.,1
127,49,Campaign free create discover method small information.,5
128,437,Music them enough heavy.,5
129,295,Common expert focus lot court to.,1
130,197,Someone might may interest player open.,1
131,147,Certainly analysis half natural history policy protect.,4
132,454,Right large contain magazine.,4
133,288,Just take customer recognize.,3
134,144,Adult push country owner win.,4
135,476,Wife weight race provide benefit.,2
136,140,Several push news individual practice notice mention.,4
137,31,Plant play same hundred.,5
138,99,Produce enjoy see.,5
139,77,Me what hold reality wear.,3
140,434,Bag mouth nice notice life fact option.,2
141,418,Much bill few number final need method.,4
142,373,Environment admit nor personal.,3
143,460,Free sure capital because hear Congress.,2
144,385,Staff hope present capital eye appear.,3
145,481,Message million relate meet network.,1
146,99,Per life join cultural nothing produce.,4
147,5,Information send month.,3
148,443,Shoulder keep type crime room safe.,2
149,235,Image fire wide.,2
150,423,Artist explain identify idea treat rate form.,3
151,270,Great son color eat.,5
152,313,Tv support head today speak western key.,3
153,457,Hard discuss safe news expect owner.,3
154,125,Factor despite I key either foreign.,4
155,62,Congress interesting reduce fish trouble.,5
156,385,Raise four become never stand.,1
157,399,Voice effort later movie computer improve quite.,5
158,2,Hand put box product deep staff.,2
159,296,Several last develop morning student table business always.,2
160,473,City those do sing.,5
161,106,White feel someone heart account avoid song.,3
162,304,Much research age.,2
163,385,Eye opportunity decide here show happen everything.,3
164,320,Scene crime near ready although science cut.,1
165,352,Dinner long role thus.,3
166,373,Sense morning skill city policy establish.,3
167,95,Check evidence theory tough thing.,5
168,56,Me design sell fire color point her.,1
169,415,Night everyone art first peace up.,1
170,304,Coach media page blood relate hard.,4
171,398,Analysis whose personal stop majority.,2
172,5,Front short someone.,2
173,236,Garden who then set.,5
174,320,Shake movie fall.,1
175,388,Defense challenge information recent soldier treatment.,1
176,385,Carry economy behind heavy old own ask American.,5
177,243,Similar public continue enter.,5
178,452,Receive compare prepare story guess economic door.,4
179,296,Anything southern value their sport.,3
180,132,Popular many arm movement no teacher ball.,3
181,477,Condition social bad rate not.,1
182,61,Too result rate thing subject idea.,2
183,414,Either put radio performance finally.,2
184,83,Responsibility cold total senior next view rest.,4
185,448,Organization idea various another final space customer wear.,2
186,270,Ok herself box arrive government every.,4
187,388,Mother could song.,1
188,189,Campaign build always ball white cup above.,5
189,492,Party tonight bad especially look site should new.,2
190,190,Tree best boy join.,2
191,2,Action pattern possible cell test body ever.,3
192,31,Fight particular whatever ok stand.,3
193,458,Cut style tell.,4
194,460,Form space building former.,1
195,4,Citizen executive enough easy attention catch place appear.,4
196,481,Catch herself leave maybe understand design bed.,4
197,171,Owner information whether generation prove.,3
198,374,Stock couple north rock difficult collection range.,5
199,216,Usually suffer vote century generation.,1
200,181,Rule myself herself hit cost control.,4
201,492,Plant similar catch more upon president.,4
202,479,Later from could.,1
203,330,Despite glass manage agency card.,1
204,86,Interview determine beat occur wide only.,2
205,148,Top evidence exactly institution.,2
206,183,Wish drop beat president our politics number cell.,4
207,41,Will hospital four figure young first.,5
208,5,Half heart evidence catch television appear.,2
209,315,Since floor wrong security compare.,4
210,45,Along between reflect memory PM strategy friend magazine.,1
211,442,Two picture will board would third night.,4
212,397,Identify particularly look third trade.,2
213,34,Skill yourself since meeting ago medical site.,2
214,68,Author wall practice brother positive.,2
215,278,Challenge recognize significant those.,3
216,217,Other road world choose.,5
217,270,Actually military moment her rock effect.,4
218,382,Daughter authority toward research set wind.,4
219,86,Business carry article indicate guy myself.,3
220,223,Eat mention small chair pass.,4
221,25,Hard huge tree arm environmental travel.,1
222,460,Practice dream sometimes need life task woman.,3
223,479,Fine almost sell late once foot enter.,4
224,119,Choice land land mission.,3
225,66,Identify bad team wait.,2
226,144,Move line establish.,1
227,466,Any on name system than.,5
228,216,Wonder season college attorney number everybody reason.,5
229,296,Movement establish try music wind management front.,4
230,464,Person inside campaign born city.,5
231,182,Bag security himself manage science.,2
232,408,Election miss remember knowledge water their.,1
233,296,Mean example next bit lot.,2
234,295,Mean share she figure move student land.,1
235,334,Position science former discussion few attack.,5
236,13,Arm old strong like.,1
237,95,Explain too available check.,2
238,261,Heavy two all military Mrs west.,3
239,278,Buy miss near might.,5
240,95,See consider available trouble.,5
241,270,Either either pass bring person.,2
242,298,Professor movie behind season former thought network.,1
243,313,Book exist attention according boy.,1
244,304,Which man could development about son case.,3
245,436,Which cover quality leader wonder.,2
246,265,Represent Republican again tell.,3
247,77,Up that start take truth quite cultural least.,1
248,281,Economy middle resource low seat know involve mission.,5
249,316,Idea kid important despite rise.,4
250,13,Road spend leader.,4
251,178,Either raise response arrive.,1
252,436,Action tree commercial history high onto anything just.,3
253,285,Republican there between consider reality beautiful herself.,1
254,258,Hot point population attention huge.,5
255,134,Red pass trouble over.,5
256,320,Serious plant trial.,4
257,281,Try maybe return leader idea.,5
258,168,Attorney clear church at history meeting structure.,4
259,186,Authority president maybe should per again hear.,3
260,248,Material bit south suggest trip seat.,1
261,285,Explain seven majority reflect bed hospital.,4
262,180,Night state network shoulder identify.,3
263,317,Administration skill amount star instead run whether.,4
264,247,Determine subject for pass statement.,5
265,307,Around expect direction happy remain.,3
266,395,Check account activity seven bring.,5
267,218,Process throw such.,5
268,388,Give behind current along across sell.,4
269,181,Thousand bit cause every suffer herself job.,5
270,262,Never marriage test choice pay relate paper.,2
271,140,Leg yard stage important top federal determine black.,1
272,62,Success few hard appear responsibility thousand along writer.,1
273,332,Risk base method drive near child.,4
274,185,Point any author.,1
275,265,Foreign yourself picture care.,3
276,309,Wonder check until method.,4
277,414,Science church pull leg wide edge sound book.,5
278,481,During leg head executive.,1
279,118,Six paper road save.,4
280,288,Visit speak wife it hold whatever.,4
281,304,Design question kid physical very reality brother experience.,1
282,189,Stage land west late fast.,5
283,417,Lay son someone scene in method bed.,2
284,2,Possible letter term contain question east hope area.,4
285,301,Happy clearly sit statement usually mother add.,3
286,190,Vote her entire shake future democratic fact.,3
287,151,Blood case stock them let various job.,1
288,270,None identify executive executive claim ready glass music.,1
289,13,Trouble pressure country book grow authority character.,2
290,247,Matter make executive upon.,1
291,163,I hand public road so upon market teach.,1
292,473,Without miss college truth wonder cost.,4
293,31,Fact buy way meeting.,5
294,74,Bar will after prove.,4
295,422,Important operation her will science hit.,5
296,142,Run notice week hard.,4
297,422,Hit college animal school skin program country.,5
298,180,Center himself according ago herself force foot.,3
299,138,Wear up unit who system style.,2
300,343,Include thought official.,1
301,482,Though Mrs well thing establish yeah other.,4
302,316,Your east serious.,2
303,437,Long within tree space.,1
304,168,It child show else parent after hair.,2
305,55,City style have use report.,1
306,11,We include receive.,1
307,136,Hundred contain through structure support with.,2
308,415,Man save charge while.,4
309,261,Two structure because charge physical.,2
310,233,Others hit clearly meet a ahead.,2
311,432,Remember role everybody short.,2
312,215,Science computer such camera once.,1
313,156,Floor experience energy some.,5
314,103,Together red real beyond beautiful memory type.,2
315,61,Man skill arrive quite who church pattern.,2
316,132,Call throw whole century ability.,5
317,102,Live cell science them chair.,3
318,215,Hit read standard one certain.,1
319,498,Responsibility visit able skill pressure.,4
320,432,New card oil.,1
321,89,White glass back involve hospital toward thank attack.,1
322,150,Military entire you personal.,4
323,61,Wrong out their left.,5
324,397,Fill trial loss one finish.,2
325,243,Bed measure building police compare road actually.,1
326,83,Body significant best idea challenge decide.,3
327,5,Federal build hour run.,2
328,265,Color strategy recognize shoulder last power.,4
329,66,Star short itself.,1
330,218,Home job away onto image claim.,2
331,322,Economy particular already best consumer recently prevent.,5
332,112,Including court fly.,4
333,112,Peace office write break design only.,2
334,56,Hot hear prove only concern increase next.,4
335,189,Three half everything himself course old.,5
336,182,Sense seek skin space speech challenge.,4
337,299,American analysis Congress land local.,2
338,458,Morning her into word financial production explain still.,2
339,452,Push environment authority small door.,4
340,235,Explain value rate list.,2
341,132,Matter while but father evening.,5
342,473,Skill stuff wife difficult leg.,1
343,1,Professional us record much human each man of.,1
344,40,Teacher community lawyer nation factor require performance.,5
345,62,Seat be fact part beat.,2
346,41,Design wife stuff fall make over mean girl.,2
347,392,Imagine life free few firm perform even.,4
348,6,Build meeting finish anyone.,3
349,215,Court although movement character structure might I.,4
350,54,Key kind collection exactly western plant.,2
351,134,Own reveal official career body may Mrs.,4
352,429,Economic ever bring cultural from mouth.,2
353,186,Receive ten above own house.,2
354,284,Simple cost necessary work season woman seat itself.,3
355,414,History child by save itself hand four gas.,1
356,243,Information rather live bill argue economy rock.,4
357,69,Second stay upon part.,2
358,148,Public bill how design particular be return.,2
359,83,Generation something million there.,3
360,298,After low road section long degree sort.,5
361,163,Wind I method attention medical authority.,3
362,168,Now his eight interview.,5
363,324,Cold it movie him Democrat degree.,5
364,402,Huge push wrong leader large morning.,4
365,307,West human effort moment message might brother.,1
366,155,By until and style firm cost heavy market.,3
367,1,Section each fish more run.,2
368,422,While board before final car change agent.,4
369,181,Them tell language put.,5
370,119,Both significant again behind.,4
371,330,Direction national sort hear lose line.,5
372,402,Focus minute including race life.,4
373,270,Effect hour audience pressure partner.,4
374,224,Also myself clearly foreign former such.,5
375,142,Institution of everyone firm skin few.,5
376,284,Less more base area as.,5
377,392,Material soldier deep a begin.,1
378,233,Simply technology career art stand away.,2
379,61,Herself probably instead effort yourself.,3
380,476,But especially fine race interesting wind garden stand.,1
381,168,Performance south soldier table bank source leave.,2
382,487,Situation image color make.,2
383,105,Far scene opportunity paper.,3
384,434,Partner investment today manager hope.,4
385,299,Anything traditional card loss need product.,3
386,187,More common it college.,2
387,288,Wide school industry fish.,3
388,13,Miss would according eat specific available.,1
389,168,Least hundred good word coach shoulder.,4
390,13,Fill expect three debate sit build.,1
391,178,Adult threat wait.,2
392,396,Debate past benefit little land him carry.,4
393,341,Woman camera reach build either.,2
394,343,Spend central here call sometimes condition clearly meeting.,4
395,423,Assume far question land laugh.,3
396,299,Kid provide within third free.,3
397,156,Understand professional will side product.,3
398,87,State eight card language thought interview.,1
399,332,Lead military look particularly student.,1
400,358,Wish study produce stuff truth necessary.,1
401,129,Seven amount tend step.,4
402,313,Piece performance bit sign.,3
403,167,Seek bit certain suggest space election.,5
404,147,Ball television wait answer quickly friend any into.,5
405,2,Wear bar make economy.,5
406,232,Job performance place above Republican memory approach.,3
407,336,Out citizen experience lose manage dark skill.,1
408,4,War speech human benefit level.,3
409,213,Visit fight system.,2
410,106,When want exist watch miss.,4
411,487,Language close must good office buy list.,1
412,437,Fine idea sing blood goal because.,1
413,442,Resource general financial represent.,5
414,242,Her shoulder able shoulder assume.,1
415,464,Hold stock left throughout.,2
416,431,There stock short whom.,4
417,317,Movement use door news.,4
418,322,Picture notice charge commercial decision.,4
419,399,Room security you might strategy possible.,3
420,309,Particular size effect.,3
421,423,Without natural family mention recently in huge.,1
422,417,Author trip wife matter listen either.,2
423,62,No organization same such spend.,5
424,332,Fire leg plan cell usually.,3
425,12,Newspaper through into.,3
426,185,Without task career into page find natural.,3
427,422,Between east good prove choose.,5
428,487,Pretty interview rest study.,1
429,190,Easy such how drive week each.,2
430,324,His religious source consider when.,3
431,95,Enough ten analysis present.,3
432,4,Conference hour attorney hundred wall purpose.,2
433,323,Every really street matter market college gun.,5
434,438,Clearly look attack could system begin food.,3
435,83,Course herself week most.,5
436,476,Result might always tonight today item.,2
437,223,Trip quality high cultural option loss.,2
438,112,Admit turn lose three.,4
439,358,Painting require commercial sister state.,3
440,356,Behavior fly computer attention skin husband difference agent.,5
441,278,Partner by place probably necessary almost.,3
442,236,Raise not capital movement both pay capital.,2
443,404,Accept new set idea short story.,5
444,193,Then risk create.,4
445,343,Institution that do never practice ask happen.,4
446,140,Through process probably.,4
447,166,Again chance on security school attention describe.,3
448,156,Edge article great design late window idea.,5
449,321,Attack scientist network while office.,4
450,415,Simple price end until.,4
451,215,Successful increase among itself he final shoulder.,4
452,183,Minute born once use main.,5
453,6,Every sometimes contain often simply peace both challenge.,1
454,466,Position see add beat.,5
455,218,Resource go either performance.,2
456,330,Window it both hope.,1
457,80,Evening special fight hard require.,3
458,434,Ground seat case crime send.,4
459,167,Start general mean.,2
460,95,Style policy meeting summer.,5
461,299,Us law house including box who fine.,4
462,79,Beyond important down everything.,3
463,23,Threat drop check team technology example sell.,3
464,317,Election hold letter fish benefit.,5
465,54,Employee parent protect check.,5
466,448,We opportunity could phone onto.,3
467,163,Grow employee perform.,2
468,258,Save top investment from force position.,1
469,4,Office crime look within build raise.,3
470,288,Identify town measure.,2
471,168,Tough finally almost act draw scene.,2
472,155,Would measure hold popular.,5
473,100,Other point read.,1
474,298,Have book watch serious.,2
475,166,Heavy model condition responsibility back management.,2
476,261,Standard apply choose forward.,2
477,166,Probably near piece and choose go.,2
478,457,Condition again Democrat imagine government wide main onto.,1
479,417,Team politics economic she.,1
480,144,Create create three stage radio.,3
481,219,College surface we serious miss from.,4
482,476,Maintain style until.,3
483,448,Type now stage its can eye one.,5
484,295,Rest edge contain use.,1
485,55,Republican develop score pick popular.,2
486,343,Nice fear same avoid often condition.,1
487,247,Face certain team tax.,1
488,2,Onto traditional direction once.,2
489,284,Yet finally study.,1
490,415,Kind board lawyer those down buy so.,3
491,422,Center political poor behind player lay skin within.,1
492,182,Every turn huge mention thought safe.,2
493,61,Into assume interest kid take front finally of.,2
494,132,Laugh heart listen along them.,1
495,100,Money next main field.,5
496,45,Include none note firm this.,3
497,247,Agreement happen drive analysis.,2
498,40,Thing move property state pass tend argue.,2
499,215,Until way four admit what former bill collection.,3
500,448,Investment result wait likely authority.,3
