0,Peter,Bethany,Lee,fmitchell@example.org,"0931 Clark Circles
Conniemouth, WI 36138",41BS(*pm(),1711.86
1,James,Christopher,Bowman,solisjeanne@example.org,"USNS Hamilton
FPO AA 12811",aXQwg7kT*2,4446.47
2,Traci,Justin,Carter,rebecca87@example.org,"666 David Roads
South Abigail, MA 83983",8aSnn5bC$h,4468.41
3,Mary,Willie,Barnes,shawn27@example.org,"0042 Wright Alley
South Michael, OK 45230",S9D$mtw*#w,2482.35
4,Jesse,Kirk,Ward,andrew37@example.org,"40190 Jeffrey Heights
West Michelle, KS 30922",SPN$7Pj_)A,4988.5
5,Jessica,Laura,Miles,kleinbarbara@example.net,"Unit 5430 Box 9295
DPO AP 20800",_mLLyGVpF5,4851.21
6,Edward,Carol,Galvan,westjason@example.net,"273 Kevin Knolls
Tashafort, GA 37947",&^2Jy0xBDu,115.82
7,Kara,Jeffery,Hernandez,oanderson@example.org,"21785 Marvin Ranch
Cunninghamtown, RI 09547",@wn0IJxJ+N,4070.86
8,Gregory,Jill,Williams,gneal@example.com,"19971 Priscilla Turnpike
Annetteborough, OK 06215",4UgVzJWR*a,1331.65
9,Christopher,Ashley,Fernandez,ehicks@example.com,"4023 Hood Green Suite 233
Andersonstad, ND 72477",5mYlrIo9#i,2059.83
10,Stephanie,Corey,Gonzalez,owhite@example.net,"71378 Massey Trace Apt. 919
New Marc, NV 40092",2@YR7SYnrQ,4129.34
11,Austin,Tracy,Jackson,hillrichard@example.net,"82729 Clark Dam Apt. 218
Wayneville, MN 38408",dMKh2yyA&7,574.99
12,Kelly,Christopher,Smith,samuel28@example.com,"2552 Davis Walks
North Davidstad, DC 10754",%5RqH%Ue*o,2242.51
13,Laura,Bobby,Montgomery,jeremyjohnson@example.org,"276 Mayo Ways
Lake Katherineburgh, OK 77209",&N9sU*yBS&,3885.18
14,Cody,Jessica,Gonzalez,kennedyrussell@example.net,"946 Norris Street
South Sherry, WI 97742",ca$7Hbq*H*,960.77
15,Brian,Tina,Lopez,sarah28@example.com,"270 Nguyen Mount Suite 034
East Cheryl, NJ 16506",A$mX0DFefU,4253.92
16,Erica,Michelle,Reese,andreanichols@example.org,"8995 Reed Lane Apt. 146
Micheleland, AK 00869",IRthlkdt$2,661.74
17,Melinda,Anita,Gardner,zdavis@example.net,"63169 Lisa Track Suite 709
Annaland, AR 59241",^4qE6GId+0,2754.05
18,Margaret,Steven,Roberts,dmcpherson@example.org,"2648 Olson Brooks
Stephensborough, CA 07542",d&3KRd__*N,4775.13
19,Carmen,Bill,Morrison,brownelizabeth@example.org,"01362 Craig Expressway Apt. 827
Lawrencechester, VT 92550",_!5Y3yySX_,269.95
20,Rita,Philip,Gilmore,darryl49@example.com,"0678 Susan Key Apt. 100
Apriltown, AL 49563",(5B)rip(@),4105.84
21,Margaret,Jeremy,Dorsey,laurashaw@example.org,"26330 Joseph Mills
Wangport, OR 80543",$DX6GRcr4c,3371.55
22,Jamie,Sharon,Carr,kdiaz@example.net,"8612 Willis Expressway
New Matthew, MS 61770",!i@Fs*Ae01,3584.22
23,Julie,David,Barrett,ericmendoza@example.org,"79194 Washington Hills
North Douglas, NC 35493",#dO)GE&xF4,4674.72
24,Nicholas,John,Fisher,karen27@example.com,"643 John Overpass Apt. 633
Stoutfort, NV 11075",@8vHOJDd+k,4462.95
25,Stacey,Daniel,Marsh,sbeck@example.org,"93087 Ramirez Station Apt. 471
Daniellefurt, UT 24846",w%j0NckRbF,4977.68
26,Sarah,Melissa,Allen,kburns@example.org,"9558 Danny Drive Suite 990
West Brentport, NV 86005",q+(v07*smK,877.47
27,Amanda,David,Wood,annetteturner@example.net,"44031 James Brook Apt. 658
Port Vanessaburgh, CT 24933",96L1AzVc*2,412.78
28,Joseph,Dylan,Alexander,camachosandra@example.com,"083 Dustin Street Suite 629
East Kathleen, VT 48388",2D_w%IlU&0,457.81
29,Jacob,Alicia,Yu,laurenking@example.com,"719 Moore Village
Kochshire, NE 26818",7z3B$FuuO_,291.25
30,Nancy,Samantha,Charles,ylarsen@example.org,"72410 Victor Crescent Suite 864
Melindafurt, NJ 42121",rbP$6C@hyY,3064.27
31,Ronald,Taylor,Blair,mathisfelicia@example.net,"617 Wood Port Apt. 283
South Christopher, MS 37556",@3T_V!_uVj,2780.43
32,Matthew,Troy,Woodard,idaniel@example.net,"38233 Wilson Brooks
West Shelleyfort, NH 09801",2PXso6!x(z,514.61
33,James,Douglas,Morales,jerrysmith@example.com,"362 Timothy Union
South Jameston, OR 75869",x7U+TXAl*A,2803.02
34,Laura,Daniel,Garrett,cortezkeith@example.com,"232 Emily Islands
Lake Melissa, NE 36243",)TJ28eJm5M,519.35
35,Taylor,Ian,Welch,vincent18@example.org,"552 Amy Ridge Suite 499
South Cherylville, HI 71240",c6bI$yBL&q,1908.66
36,Natasha,Anthony,Lewis,edwardsmicheal@example.com,"USCGC Phillips
FPO AE 16326",$%cw7IjjvF,2751.45
37,Robert,Tyler,Williams,edwardlee@example.com,"0831 Pamela Forest Suite 601
Lake Anthony, MN 83911",b%OdMZCa!1,4994.82
38,Clayton,Timothy,Gentry,edwardhill@example.com,"57146 Nixon Creek Suite 845
East Sandra, SC 51988",&(2t5Cw$Ly,4279.27
39,Leah,Jennifer,Miller,alex43@example.com,"9800 Jorge Mountains Suite 251
Clarkhaven, WI 06262",7%NY*TN%(h,2145.54
40,Zachary,David,Campbell,jimmy42@example.com,"2816 Bradshaw Stream
East Cindy, IL 79974",w3T*BCJW^M,2634.06
41,Bradley,Natalie,Camacho,robertwilson@example.com,"3756 Richard Garden
New Josephmouth, WV 01962",@u2N%Cul51,1022.27
42,Susan,Cole,Johnson,zrussell@example.com,"PSC 0552, Box 1381
APO AE 80624",)Bz1Ubwm(G,1883.87
43,Robert,Samantha,Lyons,mwilson@example.com,"05255 Madden Grove Apt. 042
Owensview, GA 77973",*XW5XqiU48,257.18
44,Rhonda,Mark,Smith,petersonaustin@example.com,"92652 Caitlyn Estate Suite 021
Port Rebeccaberg, SC 89544",(A4UDuT35v,1031.2
45,Daniel,Eric,Turner,alexisvargas@example.net,"3890 Shelby Club
Port Elizabeth, NM 60888",N@57!Z9#hq,4739.43
46,Alec,Stephen,Hurley,kelsey45@example.org,"2354 George Inlet
Lauraville, VA 41272",%9UY6_t11R,1121.92
47,Erin,Joseph,Armstrong,ambersanchez@example.org,"600 Tracie Locks Apt. 297
Pittmanfort, MI 76806",5BZy$Cz4+8,3456.27
48,Darren,Gregory,Bray,diane97@example.org,"174 Snow Mills
Port Vanessaville, MI 41817",I+4Z%nSy!$,3035.94
49,Brandi,Jamie,Weber,brandy70@example.org,"4575 Jonathan Roads
New Pamela, NY 29032",&A1Gcl*mQD,2035.59
50,Kyle,Jonathan,Hicks,gtaylor@example.org,"83891 Howard Stream Apt. 044
Port Lindsay, AK 87355",&3ZIY4ni2d,3419.11
51,Christian,Taylor,Hall,nicholasskinner@example.org,"PSC 5975, Box 9855
APO AP 63897",$hpBOQtH0h,3002.19
52,Tara,Andrew,Owen,qromero@example.com,"87168 King Key Suite 510
Lake Michelleberg, MN 60033",$D3FB$2fK9,2008.12
53,Andrew,Karen,Turner,mccormicklori@example.com,"403 Richard Burgs Suite 831
Roymouth, OR 44337",bC9ZOrm_!K,4056.05
54,John,James,Smith,sarah32@example.com,"849 Watkins Forges
Michelleview, KY 21462",2QXo83Zf(Z,4469.3
55,Steven,Thomas,Gomez,kimberly41@example.org,"0879 Erickson Views
Matthewshire, TX 49719",#sdi3FfeVT,1137.15
56,Shannon,Lisa,Martinez,markjones@example.com,"193 Hebert Shoals
Nicholasborough, OH 11468",)DyHwBwaL4,1259.31
57,John,Mitchell,Warren,thomas87@example.com,"264 Jasmine Land Suite 131
Hannahbury, NH 26524",g7#s7wHmqB,4777.27
58,Jessica,Whitney,Alvarado,ashley97@example.com,"909 Davis Forks Apt. 779
Brooksborough, RI 84681",&93EiKsnMq,2902.85
59,Jason,Charles,Smith,johnsonshawn@example.org,"86302 Williams Place
East Krista, SD 31350",VZY*WvhZ%3,4813.81
60,Richard,Geoffrey,Jenkins,jackbrowning@example.com,"22332 Barker Tunnel Apt. 178
Port Kristenfurt, TX 66723",%6+ZToOp4b,2580.23
61,Carly,Joshua,Harris,carriemccoy@example.net,"820 Nunez Street
New Michaelmouth, ID 00930",7^BdpY#i%2,3661.66
62,Kaitlin,Lauren,Wang,ashleymendez@example.net,"Unit 2863 Box 8980
DPO AA 44557",_P2Th3yQLQ,806.56
63,Gary,Ann,Cox,huntbrandy@example.net,"22941 Davidson Garden Apt. 926
Kimbury, WI 37277",m16GiQUS^h,2196.25
64,Sara,Malik,Roy,nataliediaz@example.net,"643 Hall Cove Apt. 266
Lopezborough, CO 88724",_4h@VN3j%_,3807.61
65,Jessica,Zachary,Smith,dixonamy@example.net,"824 Ramirez Extensions Suite 150
Port Monica, CT 55358",!(6fOJzpFr,2252.06
66,Ruth,Bryan,Murphy,shannon64@example.net,"72256 Carter Island
South Jeffrey, MT 27026",GJ2r1E$pt),4138.44
67,Aaron,Brandon,Meza,nicoleweiss@example.com,"3952 Stevens Island Suite 147
Garzaberg, ME 99076",)6LuQElTw5,3430.38
68,Christian,Lauren,Davis,suzannesosa@example.net,"7747 Thomas Forest Apt. 713
Deniseside, FL 66914",q%)&1Xpns*,2156.03
69,Christian,Natasha,Wheeler,rroberts@example.com,"85449 Morris Burgs Suite 058
New Stephanie, ID 15019",X0PFg_oe_m,3478.3
70,Kristen,James,Martin,lopeztiffany@example.org,"4847 Brandon Views
Myersside, NC 35774",l@7ArRbqb(,2534.55
71,Jorge,Yvonne,Fisher,joshuawilkinson@example.net,"245 Michael Summit Suite 500
Hernandezview, CO 52494",$9Yp*70IIp,3592.62
72,Ashley,Courtney,Allen,lambertpamela@example.net,"27441 Dunn Junctions
Davidland, AK 88979",_fOTSVBd17,3146.29
73,Kimberly,Preston,Taylor,jackie35@example.net,"4363 Jon Expressway
East Katelyn, NC 15716",i+1R_$&b+X,378.7
74,Sheena,Amy,Hernandez,lisa80@example.com,"801 Barry Streets
Fernandezfort, DE 31512",@uU4iA7*I8,2978.48
75,Joshua,Kimberly,Perry,parkerjamie@example.com,"795 Le Union
Tonyville, NM 44334",@L$9GPk0sw,4143.8
76,Kelly,Kaitlyn,Foster,joneskatherine@example.com,"619 Lisa Mill Suite 649
Bensonbury, GA 99574",+9FZcle0FG,4314.78
77,Angela,Anthony,Hall,craigbrooke@example.net,"677 Walker Motorway Suite 706
East Ian, HI 87695",dL0BizIb@%,983.19
78,Nancy,Natasha,Thomas,wagnerariana@example.net,"494 Philip Cliffs
Valencialand, OR 72660",@7sK76zXMt,2487.81
79,Gregg,Jessica,Miller,jonathoncarter@example.net,"50100 Walker Curve Apt. 677
Lake Christopherburgh, MD 66056",R1SvxhkO**,572.17
80,April,Phillip,Watts,ewalker@example.org,"923 Joseph Lake
Kathleenborough, ID 07548",L0Y*!tr(&c,4652.03
81,Tiffany,Megan,Johnson,jamescooper@example.org,"627 Walker Fort Suite 979
Martinezburgh, KY 91245",VdAj$S)f(9,4633.3
82,Alicia,Sarah,Martinez,gcross@example.net,"65878 Fuentes Lakes
Schultzville, WA 59389",M4qYV8a6^J,3716.78
83,Douglas,Natasha,Edwards,mberry@example.com,"6747 Robert Junctions Apt. 372
Port Nicole, NC 05685",zvJS6^e&)8,4183.27
84,Aaron,George,Holt,ujenkins@example.org,"187 Garcia Point Suite 786
Garnerton, NC 92777",_yC+zY(31%,3984.86
85,Amanda,Susan,Mclaughlin,rvaldez@example.net,"859 Davis Squares
Debramouth, WA 48710",Jz#$91OquE,241.1
86,Jessica,Margaret,Roberts,michelle04@example.net,"30895 Lindsey Shores Apt. 920
Moorebury, MT 88807",_5k1P7yHNk,631.87
87,Heather,John,Washington,heathwilliam@example.org,"Unit 8903 Box 9632
DPO AE 39002",*0KrGuyjDS,3296.94
88,Nathan,Molly,Rocha,terrence05@example.com,"1455 Davis Green Suite 658
Jackchester, ME 81574",)62mT6LeLj,2239.49
89,James,Donald,Lester,williammccullough@example.org,"8001 Gillespie Bypass Suite 377
Schneiderfort, DE 56997",*V(11KgByc,4382.37
90,Brandon,Martin,West,lbarker@example.com,"USS King
FPO AP 14282",Dpj&M2Bs*c,441.29
91,Kenneth,Christopher,Randall,lvelez@example.com,"30693 Robert Land
Perezchester, KS 87149",$wB^u3Pj+&,2690.65
92,Stephanie,Sara,Hall,melissa95@example.org,"340 James Summit
Stephaniefort, AZ 79637",_k#7Q86wa0,977.27
93,Larry,Kristen,Burke,kristine10@example.org,"13096 Mendoza Terrace Suite 173
Dianatown, NE 65892",QazQ4PFf#F,328.35
94,Phillip,Richard,Johnson,richardmedina@example.com,"46002 Cox Lock
South Savannahtown, WV 77213",B1Bviarm&6,2082.96
95,Tina,Thomas,Santiago,unelson@example.org,"8290 Stephanie Avenue Apt. 173
Brentfort, FL 04400",5$mjDGNgC0,3737.84
96,Natalie,Angela,Brooks,vrussell@example.org,"8666 Thompson Lakes Apt. 480
Cartertown, IN 94507",WqI3U@zhp@,3647.4
97,Jody,Katie,Walker,andersontoni@example.com,"4113 Boyle Mall Suite 141
Johnsonborough, RI 85815",0It7ZUj3*G,1547.07
98,Eric,Emily,Anderson,dlee@example.net,"7561 Mckenzie Drive
West Monicabury, MN 51440",@GaOPdi7C4,2138.28
99,Kyle,Todd,Martin,macdonaldtammie@example.org,"6259 Victor Expressway Apt. 268
Gwendolyntown, MD 69807",&_^D3#e_q8,1963.78
100,Shawn,Adam,Barnes,george12@example.org,"9749 Hinton Gardens Suite 276
East Jeffreyfort, MO 33987",4u71%Chg(2,4325.43
101,Melissa,Mark,Stafford,wharrison@example.org,"936 Smith Fort Apt. 004
Kellyville, MI 68954",n(9N$bEwM^,4163.22
102,Patty,Jacqueline,Carter,pjohnson@example.org,"Unit 1819 Box 1482
DPO AP 97950",4ep3HRA+%!,2661.13
103,Deborah,Andrew,Castaneda,michellewashington@example.net,"0629 Stephanie Coves
Kennedyside, NM 97890",1N0!hyQg_S,88.15
104,Samantha,Dawn,Sanchez,carlkennedy@example.com,"3814 Salazar Square
South Jasminemouth, MN 13638",^9xCMV&Oyd,2778.56
105,Robert,Lisa,Washington,beardjaime@example.org,"7608 Horton Causeway Apt. 739
Tammyside, OR 30479",*9r1&Bt73p,196.48
106,Steven,Joseph,Rodriguez,johnsonaustin@example.com,"15858 Wall Motorway
Sloanburgh, GA 63762",*^3z!SugKk,4635.67
107,David,Hannah,Moss,robertlloyd@example.net,"7175 Joseph Green Apt. 665
Griffithton, VT 06081",t@2Js%aC%4,2981.22
108,Darlene,Lindsay,Hunt,wardelizabeth@example.com,"77211 Castillo Lodge Apt. 823
Boyermouth, GA 18595",#A2Po7rH*e,3178.12
109,Danielle,Michelle,Rivera,daniel87@example.net,"Unit 0966 Box 2406
DPO AA 17077",Q#9$KBRkAE,2692.64
110,Wayne,Carol,Harris,hwinters@example.net,"57124 Martinez Forge
North Christina, OR 43684",wnB639ZyV%,2147.48
111,Jason,Tracy,Brown,karl41@example.net,"62740 Rogers Mountains Apt. 400
Robertmouth, SD 73042",(7CJeIxA^8,2501.37
112,Christopher,Nathaniel,Rogers,arthur18@example.net,"39114 Laurie Vista Suite 007
New Amandaberg, TX 49951",&fr9+#GhU7,4935.53
113,Lindsay,Monica,Hall,rachel02@example.org,"USCGC Woods
FPO AE 08223",s06d3GGr+t,4280.89
114,Deanna,Evan,Lopez,zjohnson@example.org,"99043 Powell Parkways Apt. 819
Bowmanville, VA 79414",(!7iQpW(ez,4224.87
115,Kenneth,Kurt,Ramos,blaketimothy@example.net,"1191 Bobby Drive
North Michellebury, KS 45534",$(7JBroFDR,3142.4
116,Carlos,Larry,Hickman,timothy48@example.com,"59599 Butler Trace
New Patriciaborough, KS 97190",$L1qY0uOA7,2129.44
117,Kristy,Maria,Elliott,john28@example.net,"913 Sarah Lodge Apt. 966
East Jaime, PA 34886",jJkoDHJ5(2,916.76
118,Andrew,Brandon,Nunez,cory15@example.net,"590 Harris Bypass
South Jason, WY 94534",^tUdlUbt7),3802.4
119,Michael,Brittany,Smith,sanchezpatrick@example.net,"PSC 6573, Box 5269
APO AP 16561",*32xNq6U9f,390.22
120,Travis,Oscar,Campbell,keith79@example.org,"13810 Reginald Inlet Apt. 591
East Amanda, SD 37269",+5MzUiodZY,2890.06
121,Joshua,Jason,Miller,tiffany60@example.net,"35632 Justin Turnpike Suite 138
Jeremyton, KY 54449",_5YYPIVihv,1837.66
122,Jessica,Michael,Jackson,stephanieryan@example.org,"2950 Fischer Ford
Heatherhaven, WY 63961",%0E+Z3obwN,2524.14
123,Andrew,Kimberly,Farrell,brendasmall@example.net,"13313 Dylan Circles Suite 848
Martinezburgh, MD 24864",i!d3R(vrir,4252.85
124,Rebecca,Tracy,Owens,cobbdavid@example.net,"76441 Crawford Circles
Gabriellaland, WY 59806",3POevSkM%6,529.77
125,Ashley,Melissa,Taylor,antonioporter@example.com,"1395 Miller Junction Suite 531
Carolynchester, IN 19519",F@o!DVdK@2,1969.15
126,James,Andre,Romero,butlerkaren@example.net,"Unit 6094 Box 1054
DPO AA 02058",vJ1lZx)cN+,4255.8
127,Christopher,Shelley,Bush,molinaemily@example.com,"48248 Paul Landing
North Mark, AZ 31698",$8TQN0Mz#f,2467.9
128,Sandra,Marcus,Anderson,joel82@example.net,"05667 Montgomery Shore
New Joshuatown, WA 13506",4uX5*aYf%w,993.45
129,Austin,Michelle,Parker,johncruz@example.org,"617 Brendan Canyon Apt. 271
West Eddiehaven, IL 67446",7)V8T18n+b,3461.09
130,Kathryn,Joseph,Blake,nelsonbryan@example.org,"06205 Emily Causeway
Burnettton, AZ 50419",^ZXQ6xn6N3,3872.75
131,Olivia,Jessica,Davis,ryan83@example.org,"85953 Kyle Route
West Gina, KY 28427",(cLf9IRB@*,488.91
132,Natalie,Kurt,Rich,thompsonmarcus@example.com,"850 Mendez Flats Suite 054
Williamston, TX 13679",I*18YuWxz4,4482.41
133,Robert,Dwayne,Lewis,jamescameron@example.org,"9191 Mclean Expressway Suite 995
North Anthony, NC 72361",u9pTwqoe^1,4820.59
134,Elizabeth,Nicole,Ryan,uli@example.org,"8415 Robert Mountain Apt. 454
East Cindymouth, WA 97829",7i#S0chs&A,4854.22
135,Christopher,Patricia,Boyle,diazbarbara@example.org,"2642 Jordan Knolls Apt. 479
Ralphfurt, WA 15747",(V36Zu3e#4,1204.65
136,Colleen,Helen,Ramirez,sheilaserrano@example.org,"75537 Nicholas Views
Reedberg, ME 05739",%0DOTJ+r!!,2287.21
137,Valerie,Cheryl,Flores,williamsdavid@example.com,"93914 Sean Hollow
Josephshire, MO 72603",*8TBKJKo3L,3310.75
138,Joshua,Diane,Hall,wcastro@example.net,"3195 Christopher Springs
East Dominic, MO 63455",O1Blchxj&q,771.79
139,Thomas,Vanessa,Golden,lisa49@example.net,"0202 Mark Unions Apt. 241
Littleberg, AR 29467",3pF#0JDy2$,35.8
140,Benjamin,Monica,Lewis,william78@example.com,"5195 Robert Ridge
New Phillipburgh, RI 60528",#$11i8TcBj,994.65
141,Ashley,Erik,Dixon,tsullivan@example.org,"76716 Payne Lake
Ryanchester, NH 97829",3OLlic+l%2,861.58
142,Edward,Angela,Reed,kreed@example.net,"52839 Lewis Trace
Basston, OK 64115",*daPvpm*j1,4053.54
143,Kathy,Miranda,Perez,twalker@example.com,"99684 Keith Expressway
Matthewstad, NV 01513",^9LpCKk*zm,1366.91
144,Charles,Brenda,Allen,donbriggs@example.net,"00928 Cain Springs
Robinville, TN 38842",(6mGJmEKLd,4891.87
145,Timothy,Heather,James,hernandezscott@example.org,"0975 Mitchell Wall
New Jasontown, NE 61397",$6E^z%9uJ8,1656.85
146,Mark,Sharon,Hall,rmills@example.org,"3527 Lloyd Manors
Sarahburgh, AK 01016",d9ODMFDo%N,780.28
147,Shaun,Jonathan,Everett,ffox@example.net,"930 Clayton Creek
Jenniferborough, TN 08805",)Z)3IR%r0R,962.81
148,Stephanie,Michael,Jones,dawn07@example.com,"309 Brian Radial
South Mario, HI 57756",_5ZU3Vfu7S,2002.55
149,Paul,Cynthia,Harmon,carolyn22@example.org,"692 Luke Station Apt. 842
Elizabethmouth, SD 48181",ayS7Xl_3d(,1608.99
150,Adam,Juan,Johnson,nealpatrick@example.com,"Unit 1287 Box 6721
DPO AE 79104",p$9UvY(P+X,1590.07
151,Sean,Matthew,Thompson,alvarezzachary@example.com,"396 Reginald Trail Suite 580
Meadowschester, AL 68833",&1BNv&4xEB,3075.77
152,Jason,Paul,Jackson,hhoward@example.net,"4948 Ivan Hills
East Seanland, GA 55835",23CUwObP(6,1658.08
153,Amy,Deborah,Stewart,mcooper@example.org,"66903 Nash Ville
Keithburgh, WA 21791",$LLSj8Ps1(,2761.42
154,Christopher,Derek,Lopez,hernandezlisa@example.com,"Unit 3877 Box 2318
DPO AE 41583",o**26LvcB4,791.46
155,Tony,Jeff,Garrett,williamssamantha@example.com,"821 Allison Shores Apt. 572
Christinahaven, IA 59757",_z5O1VNm!O,880.96
156,Dana,James,Meyer,obarker@example.net,"8163 Derek Wells Suite 657
Nancyton, KS 86598",!3VZkQ#y1@,4773.63
157,Nicholas,Melissa,Robinson,vargasmaurice@example.net,"38563 Jamie Junctions Apt. 685
Brownport, IN 46305",_MSS5IXu&W,2051.88
158,Brooke,Christina,Allen,crussell@example.com,"205 Kayla Motorway Suite 638
Billyfort, ID 87050",4(6T2Ll8B_,906.97
159,Brandi,Jessica,Sandoval,rosariomelissa@example.org,"3633 Debbie Tunnel
New Robertshire, OR 79409",)Q6nI+)jam,3066.69
160,Michelle,Megan,Holder,ryandelgado@example.net,"75906 Sarah Mountains Apt. 761
Stevensland, LA 70196",86P779xg#i,4482.84
161,Jenna,Jon,Perry,johnsonjavier@example.com,"260 Sims Causeway Apt. 392
Kingbury, MI 01182",%9dLjZbgAs,2876.84
162,Michael,Stacey,Schroeder,eharvey@example.com,"9524 Michelle Mill
Wardhaven, ID 72682",9&YTymKn)G,2408.9
163,Regina,Richard,Holt,wilsonchristopher@example.org,"993 Jeffrey Road Apt. 156
Port Edwardburgh, OH 76899",$54Bjwh&st,3514.21
164,Melissa,Samantha,Chen,garnold@example.net,"87468 Brown Greens
New Matthewfurt, PA 45020",@B3IxYP95n,4841.24
165,Mark,Michael,Fernandez,leesierra@example.com,"967 Brandon Row Suite 533
West Omar, HI 67820",$2(3EEDiMV,3159.35
166,Michael,Matthew,Gates,jason02@example.com,"4433 Hart Estates Suite 031
South Tracieburgh, MT 71248",ZkF&1KCaf!,3636.94
167,Tracy,Timothy,Miller,tracey44@example.org,"5975 Kevin Brook Suite 228
New Christian, NM 75277",$0DmoSxl2v,836.77
168,Stanley,Derrick,Sweeney,kennedyerin@example.com,"8787 Holland Pines
Granthaven, IN 34191",E(19Xdf_0U,4547.43
169,David,Jessica,Jones,warnerkeith@example.net,"70289 Jack Greens
Williamton, MO 55773",Y38UH^@eL_,3359.91
170,Lisa,Crystal,Clay,johnstonwilliam@example.net,"3769 Angela Crescent
Port Brianfort, SD 09197",mD^8@OrqHe,4633.2
171,Marcus,Jerry,Ray,lhoffman@example.net,"8917 Kirk Dam Apt. 860
South Richardborough, KY 45750",O7SX18Cw#4,2713.23
172,Hannah,Elizabeth,Mclaughlin,cynthiacervantes@example.com,"539 Danielle Run Apt. 065
Sarahchester, VT 94035",*0DO7ns@R@,442.35
173,Justin,Lisa,Bailey,shawn49@example.org,"647 Jacqueline Mountains Apt. 956
Lake Ashleyberg, MO 60895",*yA4oCBi3(,3310.17
174,Aaron,Christian,Collins,jessica18@example.com,"8037 Weaver River
Lake Jimmy, RI 18553",iXj4(Mqvm(,2178.62
175,Glenn,Paul,Lindsey,bjones@example.net,"38869 Mcdonald Estate
Rachelton, MI 67175",6g%R4Fr+33,2781.22
176,Amy,Elizabeth,Elliott,lisataylor@example.net,"18271 Perez Common
New Kevin, HI 15604",)#8pGeywPo,2278.14
177,John,Mary,Reid,james40@example.com,"569 Foster Creek
Lake Joseph, OK 49519",1g6Omd+G&Z,956.35
178,John,William,Marshall,tcurry@example.com,"9189 James Landing
East Joseph, NH 95381",2kt7_VOhb*,1258.32
179,Kathryn,Justin,Wyatt,richardsondevin@example.net,"7328 Laura Gardens
Port Petermouth, MD 45123",k1)QC+32&8,3683.68
180,Leslie,Melissa,Taylor,dthompson@example.com,"PSC 3298, Box 9085
APO AA 57063",d@n&RZ0hfW,3985.4
181,Jose,Jamie,Miles,srobinson@example.com,"03162 Peterson Lane
West Tamarahaven, PA 29505",$&4rSt@gC3,4967.8
182,Mitchell,Travis,Young,craigthomas@example.net,"USCGC Valdez
FPO AP 80466",(_Z4YNjv)_,3107.24
183,Jasmine,Andrew,Gentry,psuarez@example.net,"Unit 3205 Box 4645
DPO AP 51044",%!5U5Qbn!7,2120.09
184,Donna,Angel,Oconnell,jessica87@example.net,"9059 Tami Pine
Kennethmouth, PA 46772",!Ld7VUorX&,2590.59
185,Joel,Rachel,Montgomery,jacksonjennifer@example.net,"Unit 8458 Box 0817
DPO AE 51445",!fn#NJmZV3,4963.33
186,Jonathan,David,Walker,kimberlyjefferson@example.org,"8309 Amanda Stream Apt. 492
Marioport, DE 09420",!5cZQoXs%D,3086.78
187,Teresa,James,Thomas,qbaird@example.org,"98566 Kevin Hills Apt. 173
South Robert, WY 87295",2X4Q5pEe%K,90.86
188,Nancy,Jason,Schmidt,jacksonsandra@example.com,"307 Carter Greens
Derekchester, ME 46965",$1tm9MikLj,2214.97
189,Richard,Daniel,Mclean,ihunt@example.com,"096 Denise Port Suite 606
New Hayden, NJ 42459",7^D7PUt3AN,956.86
190,Isaac,Justin,Aguilar,roykaren@example.com,"17243 Crosby Fall Suite 848
Longstad, VT 67080",(8cQ2NxJ5k,4708.97
191,Matthew,Nicholas,Cox,peter30@example.net,"275 Jane Ford
West Dianachester, VT 25411",gIM9sOsT1!,4990.02
192,James,Tristan,Peterson,dlopez@example.com,"814 Roberto Fort Suite 373
Lake Robert, NV 80793",^nxKaeRs61,892.58
193,Lauren,Kevin,Adams,alexis68@example.com,"8636 Garcia Valleys
Johntown, AZ 98306",&(67Wlpd7d,3967.69
194,Rachael,Brandon,Mendez,browneric@example.org,"8564 Steven Dale Apt. 200
Johnsonfort, ME 37575",^jBQ2#Wfd5,251.51
195,Sheila,Nathan,Price,chavezandrew@example.org,"27054 Perez Green
South Brandi, GA 89409",%rt0OJOyt6,4032.74
196,Heather,Erica,Williams,charleswilliams@example.com,"5351 Johnny Harbor
New Marissa, OR 07251",ttNYV9Ea%7,4151.51
197,Garrett,Melinda,Gonzalez,denniskristina@example.net,"8106 Steven Valley Suite 439
South Rachel, MS 64268",@GZ6OVhHXm,2153.48
198,Thomas,Alexis,Strong,ashleysmith@example.com,"12888 Jennifer Route Suite 698
Carterview, MA 91027",QJGEx(+y@9,4292.76
199,James,Jason,Powell,sedwards@example.com,"57078 Michael Street
Marvinburgh, WA 39822",ju6DjjoR%0,2489.25
200,Michael,James,Kim,nmccall@example.com,"965 Marquez Mountains Apt. 274
Jessicamouth, AL 66821",_z0k(VLlvi,2244.16
201,Joyce,Miguel,Mcmahon,alicia80@example.com,"22499 Joyce Trace Apt. 128
Port Sarah, DC 35590",qO3Lp)zn7#,2576.71
202,Mark,Brett,Sellers,dixonjoseph@example.net,"911 Andrew Motorway
Hartfort, IN 62983",X3Xuss*Q+7,982.45
203,Andrew,Lisa,Olson,robinsonrobert@example.org,"Unit 1047 Box 0743
DPO AE 78039",!p%Rh$qD8o,3254.55
204,Stephen,Lynn,Ryan,jessicawebb@example.org,"204 Kaufman Islands
South Christineside, AZ 05892",$GX_XLLe4v,426.66
205,Andrea,Kevin,Harris,jodifuller@example.net,"42576 Palmer Heights
Teresaside, SC 05193",$7ECGk7wm#,4142.06
206,Brandon,Peter,Harris,jamesharris@example.net,"33935 Mcknight Burg
South Jeffreybury, UT 45260",v&Q9OMQc^_,2968.35
207,Sandra,William,Walker,taylorcarl@example.com,"54227 Higgins Mill
Lake Melanieland, IN 66676",(!2)HQVodG,3132.11
208,Tasha,Brandon,Smith,qpena@example.org,"PSC 2445, Box 8912
APO AA 34773",BXX4Xy3*!7,1366.84
209,Alexander,Jeff,Price,joneslauren@example.com,"31664 David Track
Kevinville, NC 16447",+9Y4DFXtJc,3104.35
210,Paula,Kevin,Fischer,rojasolivia@example.org,"5216 Boyd Port
Dennisburgh, VA 01027",+1bSFO+1vq,1143.71
211,Monica,Lisa,Barry,chengeorge@example.com,"841 Ryan Knoll Apt. 745
Alyssaberg, DC 49504",#DeJFwlE21,4836.2
212,Kenneth,Marcus,Cole,brentnash@example.org,"23975 Sheila Road Apt. 658
North Mary, SC 88538",6qYiIclL%*,3287.17
213,Cynthia,Evan,Chen,vincentbrittany@example.com,"661 Martin Corners Suite 268
South Amanda, WY 15195",)zwBHUmIT5,132.54
214,Frank,Michelle,Boyd,charles25@example.com,"823 Jeanne Wells Suite 620
Wrightstad, FL 29368",B0jPjlfs^J,4544.22
215,John,Jennifer,Tucker,christina28@example.net,"56710 Colon Roads
East Cathy, OH 48498",S!hAC8fk+G,1025.41
216,Phillip,Carla,Parsons,shane53@example.net,"005 Jones Ferry Apt. 273
North Albert, UT 69750",B%1tHU+q43,561.58
217,Ryan,Sandra,Aguirre,georgecody@example.net,"750 Carney Track Apt. 672
West Lindseychester, LA 25231",5937LXdD#w,4798.2
218,Andrew,Jose,Day,benjamin95@example.net,"789 Jennifer Lane
Jamiefort, MI 30925",*rx3*MjfcX,2495.4
219,Jared,Michele,Stone,shannon42@example.net,"09637 Baker Parks
New Rhonda, MT 92961",$!G#Cwqu)9,1178.6
220,Matthew,Christina,Freeman,elizabeth18@example.com,"270 Duncan Mall Suite 152
Port Elizabethtown, OK 39024",3XzDDgQm$y,579.71
221,James,Alexander,Harris,jonesnathan@example.net,"2558 Garcia Village Suite 181
Pamelamouth, CO 55792",e$6g)BrFb3,1714.27
222,Gabrielle,Jessica,Henry,michelle29@example.net,"0983 Nathaniel Motorway
Williamview, UT 60262",TfslqZgE)0,4685.51
223,Alejandro,Scott,Allen,anthonyhuffman@example.org,"9663 Hernandez Harbors Suite 446
Davisfurt, CO 17024",&D2EsMGUP&,1222.65
224,Carrie,Donna,Kemp,kaitlin67@example.com,"770 Richards Glen Suite 764
Lake Maurice, RI 51344",l4J5#Wbd($,1019.79
225,William,Brian,Herman,hamiltonmatthew@example.net,"441 Cordova Station Apt. 418
Lake Jerry, OK 14817",40&FRe^S%^,2990.27
226,Javier,Francisco,Green,curtisweiss@example.net,"96743 Dylan Unions
Reginaside, ID 08150",uE73+Dt(o#,1748.34
227,Anthony,Patrick,Odom,msmith@example.net,"727 Foster Streets
Port Sonya, ND 54447",O(5QC*k7KR,3637.7
228,Angela,Jessica,Green,griffingary@example.net,"382 Cook Mews
Kennethtown, NE 39324",#^9#Ih8ws1,2114.25
229,Rebecca,Nina,Glover,bennettdale@example.org,"707 Marie Plains
North Lisa, TN 42766",U_1+RoE9dk,203.65
230,Roger,Amanda,Salinas,samantha31@example.com,"360 Wilkinson Islands
Ashleymouth, NJ 02969",xj1cG^zj!&,328.6
231,Richard,Heather,Obrien,antonio23@example.org,"PSC 3082, Box 3997
APO AP 34018",+W8JBguZ(^,749.59
232,Marie,Michael,Gomez,millermichael@example.com,"81588 Acosta Road
New Jamesstad, PA 98277",2Sn8KxgQ#q,599.99
233,Timothy,Deborah,Sharp,tonyfigueroa@example.org,"38455 Lewis Drives Suite 224
Lake Lauren, CO 22510",j_2eDgCz)),280.34
234,Craig,Rebecca,Mosley,kristinejensen@example.org,"Unit 3569 Box 5356
DPO AA 94815",$XF4EJJs%L,3413.0
235,Meredith,Robert,Macdonald,hernandezamber@example.org,"50679 Morgan Landing Apt. 372
East Darren, RI 04549",43Ie6Eay*X,4676.52
236,Brian,Timothy,Gonzalez,martinezwilliam@example.net,"72864 Mullins Glens Suite 249
Fitzgeraldbury, RI 68592",YP+zP5NmVG,1038.71
237,Sandra,Shawn,Carr,linda31@example.com,"13089 Grant Islands Suite 141
Rogersmouth, AZ 12687",f0Z&FYuu)c,2743.52
238,Sandra,James,Sims,chad25@example.net,"155 Bailey Island
West Diane, OH 58326",sr67Sb#$p*,1284.49
239,James,Jennifer,Ryan,hancockdouglas@example.org,"97177 Smith Mission
Laurachester, KS 96287",&)1nCsJl*8,1350.66
240,Sandy,Crystal,Sanders,nancypalmer@example.org,"14563 Ballard Cove
Kelleymouth, CO 41548",C%0mz$T)$h,1408.34
241,Shelly,Garrett,Villarreal,brandi66@example.org,"6998 Kenneth Plaza
Lake Monica, IN 93830",NmOGzHSs*8,2387.39
242,Catherine,Jim,Shaw,smithjeffery@example.com,"3416 Mark Course Suite 699
Moodyfort, NC 85828",S!3v)Rj7!%,2001.45
243,Jennifer,Jennifer,Welch,leedavid@example.org,"65870 Cole Skyway
Kylestad, UT 07543",#Pkf4)wmQ7,3175.04
244,Chris,Jeffrey,Holt,anthonysanchez@example.com,"8439 April Stream Apt. 398
New Aprilburgh, WV 86460",o(0*@3In@#,4910.1
245,Russell,Patrick,Berger,stevenyoung@example.com,"08477 Steven Lodge
Newmanland, AL 43518",^Qke(M8t30,1497.88
246,Charles,Raymond,Chavez,lindagriffith@example.org,"504 Marshall Harbor Apt. 306
Holdenport, NJ 59707",4FnV#Re5#t,3424.07
247,Nancy,Brian,Thomas,lgates@example.org,"4361 Anthony Prairie
North Ronaldbury, PA 32406",RYg52Dh$^d,4049.61
248,Dennis,Daniel,Torres,jamie80@example.com,"7148 Snyder Isle Apt. 005
Richardfurt, OR 96088",9%4#IbfFqJ,2825.0
249,Brian,Jennifer,Jackson,kurt31@example.net,"764 Brian Knolls Suite 694
South Elizabethton, CT 64484",)rVd^mxFm6,262.32
250,Megan,Morgan,Stark,frederickdaniel@example.com,"5905 Ramos Plains Suite 617
East Lindaland, CA 79190",)8RTR_t^(g,2300.62
251,Joel,Edward,Scott,castrobryan@example.org,"7237 Rogers Ridges
Port Tammyfort, HI 23529",b#6+AvKb0G,3611.25
252,Tina,David,Miller,kimberly04@example.com,"6291 Bowman Ways Suite 619
West Erica, IN 18404",%eHQUiGL*5,1611.25
253,Robert,Jason,Brown,ericmccall@example.org,"15311 Gordon Trafficway Suite 261
Gregoryport, TN 86453",xw2L8SV4V!,3210.46
254,Ashley,Samuel,Moore,john37@example.org,"6703 Ware Prairie
Yvetteville, MS 95937",@&50W3jz69,860.49
255,Lindsey,Charles,Pierce,nicholasthomas@example.net,"PSC 5269, Box 4116
APO AA 60173",Hd2bGogO@8,746.56
256,Alexandra,Emily,Jackson,debra75@example.net,"352 Smith Square
Joshuabury, ND 47940",tXH#HXoU_7,3802.04
257,Brian,Allen,Flores,mphillips@example.org,"288 Daniel Harbors
West Cynthia, NJ 18395",)ie6HLIs90,1563.69
258,Tami,Patrick,Brown,reedmercedes@example.net,"0576 Earl Union Apt. 128
Leonardborough, WV 34480",!7ikMAb*1h,905.37
259,Maurice,Ashley,Cox,fpearson@example.com,"071 Amanda Isle
Lake Stephanie, AL 19600",e^5R0s6alg,4998.08
260,Patricia,Andrew,Pineda,jamesramsey@example.org,"47952 Leslie Corner Apt. 355
South Shirleyton, WA 09531",1)JFL7fg%8,409.61
261,Glenn,Jennifer,Johnson,sandra93@example.net,"7636 Torres Wall Suite 839
West Michellestad, PA 24019",(!4Twvd_lL,1452.84
262,Nathan,Jim,Logan,christopher46@example.net,"27516 Black Summit Apt. 313
South Renee, MD 95714",p#jYOqdS(5,4229.1
263,Denise,James,Morrow,reidwilliam@example.org,"10642 Smith Summit
Lake Michellestad, WV 42494",h1Q@QZYT+z,4732.2
264,Vincent,Nicole,Romero,william43@example.com,"36906 Olsen Avenue
Lake Annafort, OR 07753",eG1LR8kWv^,1612.99
265,Charles,Jonathan,Combs,rali@example.net,"8677 Williams Causeway Suite 717
New Paul, TX 56587",@iS78U*zK$,3822.91
266,Amanda,Logan,Riley,karl30@example.org,"043 Clark Junctions Suite 986
Lake Timothyview, DE 21998",#H2Wm%YJF3,4927.24
267,Jason,Noah,Hawkins,thomas52@example.com,"4422 Victor Hollow Suite 842
Michaeltown, AR 76132",*iEIW#U821,2789.49
268,Kerri,Jesse,Herrera,xjames@example.net,"3229 Ward Villages
Andrewtown, IN 89485",$n&QUSYw6N,347.59
269,Tiffany,April,Mcgee,brian82@example.org,"76944 Wells Keys Apt. 335
Ericfort, WY 90292",c2&5I^OyKE,3643.1
270,Jennifer,Mary,Richardson,westnicholas@example.net,"5066 Daniels Plains Apt. 693
East Tom, OH 56954",+x_DZjhZR3,2589.72
271,John,Alex,Cross,cwilliams@example.net,"243 Martin Vista Apt. 552
West Beth, TX 65450",uqXRV0l%*4,638.9
272,Tiffany,Tonya,Smith,ddodson@example.org,"1380 Anthony Coves
West Richardberg, WA 43786",^6JjdPh0Yh,2042.78
273,James,Wesley,Luna,jasmine69@example.net,"75315 Lopez Canyon Suite 668
North Carla, TN 48619",5#4IduYOo@,3628.08
274,Christopher,Robert,Sutton,matthewmurray@example.org,"825 Evans Spur Apt. 569
Johnsonberg, NH 62255",&tRD(PkwV0,3615.91
275,Linda,Kristin,Silva,youngtaylor@example.com,"26119 Booker Hill
Navarroburgh, CO 11371",^m9YXsbKB$,4598.98
276,Lauren,David,Thompson,josephcampos@example.com,"344 Mosley Dale Suite 382
Feliciastad, NM 26714",&diP*_jmL2,537.77
277,David,Steven,Williams,whicks@example.com,"375 Amanda Route Apt. 691
Port Ross, AR 90243",^kgRsYjgE8,3783.33
278,Lisa,Cassidy,Collins,martinezbrandi@example.net,"9895 Olson Points Suite 942
Port Sharonmouth, PA 50916",^r4JNc!RqL,4190.92
279,Gregory,Brittany,Caldwell,staceypena@example.org,"186 Waller Loaf Apt. 616
Priceville, SD 53546",3kf25aC@5),2522.26
280,Traci,Kimberly,Bryant,lwalker@example.org,"23043 Merritt Loop Apt. 314
North Bradley, WY 79012",&FC5ogSr3o,4386.37
281,Bobby,Kevin,Jenkins,nbennett@example.org,"USS Cook
FPO AE 61571",w+G0ANx5V+,164.36
282,Stephen,Jack,Gonzales,sarah30@example.net,"9615 Lisa Fall Apt. 289
East Barbara, VT 39787",IlWk5Ksa@6,3774.25
283,Steven,Brian,Sawyer,thompsonrichard@example.org,"327 William Stravenue
Dennismouth, NE 59211",uJE8_UKn@!,1867.65
284,James,Katelyn,Huang,uwatson@example.com,"3113 John Orchard
South Mary, KY 34649",LZ5WKvABP_,4741.1
285,Kevin,Benjamin,Alexander,greenerica@example.net,"678 Jensen Valley
Howardton, SD 26423",*EM!+n&eW9,4348.92
286,Christine,Bonnie,French,tammyblake@example.net,"070 Allen Unions Apt. 436
Jeffreyfort, MT 33119",i1S4J&WI^c,4935.38
287,Jeremy,Vanessa,Hoffman,idonovan@example.com,"57343 Erica View Apt. 377
Port Justinville, CA 49016",DKA(+wjS#1,3780.08
288,Kyle,Denise,Wilson,werickson@example.com,"37706 Valerie Mission
South John, HI 02583",HR09kFdb0*,4178.95
289,Jason,Bethany,Kline,lindasingleton@example.net,"0678 Jason Camp Apt. 983
Woodsfort, NH 94891",$$8HNzhr*(,807.56
290,Gary,Edward,Anderson,mary72@example.net,"294 Christina Island
Lopezhaven, TX 57442",kNk9jN6k&%,1968.6
291,Billy,Andrea,Petty,manueltyler@example.com,"USS Strong
FPO AE 33359",!0DO47n7sI,2234.52
292,Cindy,Derrick,Simmons,tyler11@example.com,"408 Joshua View Suite 129
East Nicole, DE 24114",&x2DHhDTX),837.77
293,Corey,Michael,West,taylorerik@example.net,"PSC 4685, Box 4563
APO AA 73169",d&8AIXau4s,22.75
294,Gabrielle,Ashlee,Hobbs,laurenedwards@example.org,"962 Brooks Parkway Apt. 774
Lake Brettland, SC 53120",8a5XXpEX#9,4656.66
295,Teresa,Joseph,Sullivan,powersjason@example.org,"97596 Luke Stream Suite 208
Jenniferbury, OR 30603",7I1uVfUmn(,369.01
296,Clarence,Eric,Murillo,ulamb@example.com,"PSC 0270, Box 0445
APO AA 46302",yOGijw!i+6,1930.36
297,Anthony,Lisa,Bryant,ypeters@example.org,"8585 Jessica Mall Suite 584
West Marybury, SD 93438",0i5@#XusO_,3067.94
298,Jesse,David,Peterson,zacharybenson@example.com,"061 Latoya Shores
Lisaside, IA 23657",pdJ1WHSv+p,3152.07
299,April,Anthony,Moore,markreyes@example.net,"61441 Jon Place
West Cindyburgh, MS 71701",pc96(tBcj!,3085.01
300,Stephanie,Kenneth,Edwards,gonzalezdavid@example.org,"71684 Daniel Passage
Michaelland, CT 39417",fy$64*XoeU,2336.43
301,Matthew,Jonathon,Lara,terrimendoza@example.org,"19601 Ortiz Square Suite 472
North Carlamouth, NH 73449",yla@5%Km$P,3368.16
302,Amy,Gary,Ortiz,amy59@example.com,"41864 Nixon Plains
East Valerieport, MD 90888",0gM3QMSD@f,1395.69
303,Jeanette,Susan,Rose,mitchellyvonne@example.com,"58076 Vernon Lakes
Jenniferburgh, TN 66787",(%70MqEYEa,3781.71
304,Pamela,Joshua,Edwards,john23@example.org,"12619 Peter View
West Chelsea, NJ 90673",&o3BYp@^73,329.6
305,Valerie,Ryan,Hernandez,johnsontyler@example.org,"697 Paula Drive Suite 879
Guzmanton, DE 97912",2G+57rMxxy,619.77
306,Meghan,Lindsay,Brown,cindywilliams@example.org,"0232 Richardson Street Suite 540
New Tonitown, VT 75483",TW7CCdda%i,1796.43
307,Dennis,Patrick,Dickerson,jennifer00@example.org,"3092 Nathan Alley Suite 125
South Lauraport, WY 46419",(N&@E9$q4y,3101.07
308,Kyle,Jasmine,Santiago,kristicarroll@example.net,"1489 Owens Canyon Apt. 049
Kylestad, IN 47233",dj3@!1Jqa#,2249.82
309,Sharon,Alison,Williams,ybradley@example.com,"83016 Matthew Fork
New Amanda, KY 38001",!hN00LuFK6,26.36
310,Kimberly,Jeffery,Meyer,hsanders@example.net,"381 Jeffrey Mountain
South Amy, PA 59760",9hMlgzom&z,2749.05
311,Ashley,Michael,Ray,ydean@example.net,"5624 Eileen Mountain
Michaelview, MS 44756",^7EQ6dVjoK,3628.0
312,Judy,Ruben,Griffith,rachelhanson@example.com,"390 Brooks Dam Apt. 056
Fordtown, DE 19236",)Z9vJRqKM4,1983.91
313,Justin,William,Edwards,monica73@example.net,"06948 Jason Isle Apt. 055
North Kevin, IN 88581",Ph6I9ISXC),1079.7
314,Eddie,William,Love,elizabeth97@example.net,"9757 Mendoza Estates Apt. 494
New Jacob, KY 69715",is@2F6jbY%,883.21
315,Nicole,Jonathan,Johnson,xhoover@example.net,"7877 Brown Manors
Moralesstad, NJ 97252",q&_p2Gtztv,4684.37
316,Cynthia,Melissa,Gilbert,crosbykatherine@example.com,"645 Padilla Lakes Suite 098
Garciaton, AL 35511",9p*lV)zj@k,1972.01
317,Laura,Gary,Valentine,julieholmes@example.com,"05352 Williams Union Suite 656
Mckeeton, OH 68226",^d8NB_Qb0R,1774.19
318,Alexander,Jeremy,Brown,olivia07@example.com,"2568 Steven Burg
Wrightburgh, MD 15504",$!hVs#T$5d,3751.96
319,Julia,Madison,Gonzalez,susanvang@example.org,"PSC 7756, Box 1669
APO AA 91418",b+7Sc4&MPR,518.47
320,Zachary,Michael,Lynn,jamesgoodwin@example.com,"569 Ryan Row
Port Kristina, MO 62712",p)nMt6Ar@a,4592.68
321,Mandy,Kristina,Sexton,garyyang@example.com,"4909 Mccarty Locks Suite 954
Patriciafort, KY 12182",&3GHgsZrs2,4755.36
322,Jeffrey,Beth,Harris,ggray@example.net,"8237 Curtis Inlet Apt. 411
Alexanderstad, CO 46506",kx2N9#)f^0,2986.78
323,Kimberly,Vanessa,Scott,wesley01@example.org,"142 Buck Manor Apt. 036
Lake Denise, IA 23959",(N^&RvpjE7,3109.46
324,Erika,Angela,Tran,aaron60@example.net,"377 Elaine Groves Apt. 807
East Dianeside, OR 17363",Gu5N@dcv1(,3397.54
325,Ashley,Amanda,Small,jorgepope@example.net,"66353 Sarah Road Apt. 494
Lake Paul, IA 62465",*oQ*Eti!s0,3193.53
326,Seth,Justin,Morton,ghubbard@example.net,"801 Murillo Club Apt. 387
Lake Alyssa, IL 55276",*3ur9WnOT3,3021.25
327,Michael,Jessica,Cardenas,smithrussell@example.com,"79264 Donald Green Suite 789
Port Dillonport, ND 43740",9eAlCuGw^U,1871.94
328,Sheena,Ryan,Young,bellmary@example.com,"000 Aaron View
Powersstad, DE 46305",3sW8RUEc#D,3545.04
329,Thomas,Kevin,Perez,ojackson@example.org,"3280 Jamie Freeway
Port Angelaview, VA 82237",&TImWR+sv9,2364.68
330,Elizabeth,Hannah,Moran,garnerrobert@example.com,"0196 Danny Plains Suite 221
Gregorymouth, PA 73424",q519_FhV)F,3194.97
331,Kyle,Tammy,Munoz,fsilva@example.org,"382 Beverly Station Apt. 183
Port Kurtfurt, AR 34069",C1NBBCx7^i,2307.22
332,Timothy,Robert,Dean,martinchristina@example.org,"8685 Curtis Trafficway
Martinhaven, MA 99780",FA3lNkmtk&,3948.87
333,Amanda,Brian,Henry,christopher73@example.net,"09261 Michael Lakes
Connieland, TX 18488",^yV0oSSTt4,4146.42
334,Terri,Craig,Patton,xmeyer@example.com,"245 Miles Circles Suite 656
East Adriana, HI 82763",PGRh$jWo$4,1962.9
335,Anna,Alex,Russo,mitchelljason@example.com,"8541 Valenzuela Island
East Erin, AK 45276",(mK2ApVj74,4034.09
336,Sara,Megan,Baker,colemanstephanie@example.org,"9526 Evans Tunnel
Christophertown, NY 85716",e38tCNGh(j,4099.7
337,Russell,Christine,Bartlett,kathymoore@example.net,"150 William Greens Suite 556
West Biancaside, DE 77402",$*yFjkym0D,3567.94
338,Tiffany,Tanya,Roberts,eric08@example.com,"247 Matthew Coves
Brownbury, MD 65407",%56L_0FdgR,4830.64
339,Pamela,Jason,Alexander,timothy01@example.net,"75999 Davis Islands
New Robert, NH 91154",_s#6q7PdK3,1900.24
340,Madison,Christine,Lamb,autumnreed@example.com,"639 Robert Groves Apt. 298
Lake Rebecca, ND 86191",)J&8hGNqu4,2010.1
341,Trevor,Benjamin,Kent,carrillocynthia@example.net,"0209 Howell Hills
North Jeffreymouth, OK 03966",%0f(KWS7Nl,4112.98
342,Emily,James,Russo,knighttimothy@example.org,"54416 Shannon Plain Suite 132
Veronicastad, IA 25283",)9ZPUqKZQu,143.48
343,Mark,Katherine,Gonzalez,martinbrian@example.net,"5212 Cooke Prairie Suite 158
South Nicholaschester, ID 71226",jwt(6BEQ2#,4233.52
344,Nina,Philip,Raymond,glloyd@example.net,"345 Johnny Cape Suite 433
Smithmouth, WA 03082",Al0X^3gG!i,3043.36
345,Lawrence,Daniel,Norris,steven33@example.org,"3059 Trevor Plain
Sharonton, AK 33019",q@(r1Avn^Z,1864.41
346,Rebecca,Jenny,Williams,wpearson@example.net,"USNV Robinson
FPO AP 51980",d7IKpCto)d,3424.18
347,Bruce,Roy,Hernandez,dabbott@example.com,"270 John Hill Suite 663
Watkinsport, NY 68827",V5M#EFLu@L,1141.57
348,Patricia,Mark,Griffin,obrienstephanie@example.com,"2903 Katie Highway
Snyderport, NC 53048",)&oSUwbn%6,766.65
349,Gregory,Gerald,Faulkner,vwilliamson@example.org,"08397 Nicholas Streets
Port Seanfurt, PA 68453",)waOCD@s2^,4312.58
350,Cindy,Walter,Hoffman,barbara48@example.com,"84264 Dean Green Suite 550
Danielleville, OK 49477",O4TFDTtc+%,3248.29
351,Jonathan,Nicholas,Carpenter,tuckeradriana@example.org,"Unit 0758 Box 7105
DPO AA 54184",1a4TvN54h^,1506.49
352,Toni,Robin,Williams,caitlyncannon@example.org,"078 Vicki Estate Apt. 299
Heatherchester, ND 00910",zj8TTjmm*0,112.09
353,David,Michael,Meyers,ismith@example.net,"542 Dawson Dam Suite 107
Port Robert, NJ 49014",RQ7J)%jt5!,3942.29
354,Nicholas,Cody,Simmons,charles09@example.net,"6902 Ronald Well
Port Davidhaven, SC 96966",ar#8*Xvi7D,616.53
355,Gregory,Tammy,Gutierrez,williamholloway@example.net,"627 Farmer Wells Apt. 457
Lopezshire, MD 47985",&5yLa81nLo,925.47
356,Melissa,Tracy,Jimenez,asutton@example.com,"725 Huang Tunnel
Cherylfort, PA 93149",n#53CcK9!o,4994.92
357,Courtney,John,Gray,melissamartinez@example.com,"3231 Heather Way
Port Nathanton, WV 56522",85uwS8Iws@,1090.58
358,Samuel,Mary,Henson,jacqueline51@example.org,"98827 Jennifer Rest Suite 095
New Becky, AL 87750",%5cXNkBO3J,1564.46
359,Stephanie,Mitchell,Ford,erinromero@example.com,"0205 Paul Villages
North Loritown, NJ 19316",%!PT48c6%1,3315.1
360,Jason,Kiara,Malone,fflores@example.com,"9446 Stephens Avenue
North Bethany, NC 76233",_%PIZ%a1K7,4764.11
361,Michael,Paige,Hunter,ffox@example.org,"36297 Amy Walks Apt. 254
Ricestad, OH 53796",)pV7Covjh9,1296.9
362,Rhonda,Karina,Coleman,amanda47@example.org,"90036 Joseph Ways Apt. 546
Christianville, ID 61356",R0PL%Rt&%f,3594.34
363,Timothy,Ann,Carey,spencer24@example.net,"870 Hutchinson Land
Klinebury, DE 44071",r7d7P!r&!&,787.52
364,Jessica,Alyssa,Johnson,juliehiggins@example.net,"6611 Harris Street Suite 953
New Christopher, MA 47089",r@8NhHHd&%,4903.74
365,Kimberly,Cynthia,Gomez,johnmckinney@example.net,"38049 Kiara Knolls Suite 617
Lake Susan, LA 16641",_eNOYcggx7,4327.06
366,Kevin,Scott,Davis,david17@example.com,"143 Romero Expressway
North Robertview, MT 91922",$p!1P8kj&R,2483.06
367,John,Sarah,Acosta,john07@example.org,"66380 Patel Points Apt. 202
Dorothyfort, RI 31035",+1&K)zxZY7,4960.24
368,Tammy,Christopher,Garcia,jamiegraves@example.com,"USNS Clark
FPO AE 56495",*J79XXZfKv,1874.67
369,Brian,Crystal,Fields,matthew35@example.org,"186 Jose Garden
West Emily, MO 55610",*5InTVZy20,2487.97
370,Zachary,Jennifer,Knight,lkelly@example.com,"62321 David Rest
West Candiceborough, ND 51075",v^DgOuHh#1,3252.78
371,Robert,Larry,Smith,brownamanda@example.com,"177 Cox Forest Suite 270
West Jennifer, MT 10511",N&UZ)u@z@2,3840.01
372,Brian,Timothy,Young,losborne@example.com,"68801 Shane Well Apt. 380
Josephbury, OH 64228",UJ$38Cxenh,574.96
373,David,John,Ritter,barrettjeffery@example.org,"404 Lynch Vista Suite 971
New Christopherberg, WI 35215",_AFU59Wbet,2924.45
374,Mark,Glenn,Grant,daniel09@example.com,"91427 Brown Alley
West Kellyburgh, OR 83296",*2iKgKkc@t,4725.68
375,Rebecca,Patrick,Yates,victor14@example.com,"63056 Thomas Street
Brendastad, RI 61294",@5McHXFtz(,3580.95
376,Vanessa,Carrie,Parker,khanna@example.net,"401 Amber Groves
Hermanfort, MS 83590",rT4uZJg9B%,835.7
377,Elizabeth,Neil,Hudson,arnoldpatricia@example.net,"658 Daugherty Club Suite 901
Zacharyfort, NC 89044",#N0Pilsg3@,421.06
378,David,Thomas,Leon,erinhenson@example.com,"46417 Rivera Shore
New Kimberly, DE 76024",*mc_Cs*NU6,3366.93
379,Carla,Gabriel,Sanders,meghan58@example.com,"5182 Jones Place Suite 323
Kimberlyfort, IA 78200",H2&Gxyrh+7,3584.83
380,Timothy,Denise,Wilkerson,ealvarez@example.net,"USNV Mercado
FPO AP 11549",^*J@7(v5JQ,3288.07
381,Melissa,Kimberly,Brennan,graydanielle@example.org,"129 Christopher Neck
New Mitchellfort, MT 58170",)8p9QPe%^e,793.28
382,Andrew,Jason,Watts,qmartinez@example.net,"8421 Foster Wells Apt. 365
Stevenport, UT 93819",NC$DM8pU+8,3376.05
383,Maria,Cory,Lopez,smithedward@example.com,"20083 Connie Haven Suite 822
Dorothyberg, IL 04806",z&8g3NhaDK,4110.47
384,Molly,April,Cox,kpatton@example.net,"58248 Jennifer Roads Apt. 098
North Cynthia, AL 07470",*S7URwc8hL,381.03
385,Jeffery,Melissa,Hicks,harpertodd@example.org,"53171 Ronnie Ports
Francisshire, MA 02440",2v%1nOsk%l,4556.43
386,David,Kim,Peterson,frankmichele@example.net,"3104 Glenn Drive Suite 712
West Glenn, NC 63771",XnmiJGIH&9,4303.51
387,Holly,Sydney,Braun,dmartin@example.org,"4490 Ballard Road Suite 271
Kristenfort, WV 48646",DlQ4MXMqs$,1500.69
388,Gary,John,Robles,nwilliams@example.com,"07416 Wright Pines Suite 619
Adamsfurt, MT 15678",@k#0RKVrT5,1860.48
389,Michael,Stephanie,Krueger,lawrencejonathon@example.org,"769 Maria Pines Suite 815
Cruzmouth, CO 28554",#3X!BDjOqR,472.54
390,David,Amy,Jenkins,kristinerickson@example.com,"3462 Cole Drives Suite 059
Perryshire, DC 48423",AZQD!Xx(!5,3740.63
391,Jermaine,Richard,Garcia,ojones@example.org,"USNS Stewart
FPO AA 59507",IX(kZ6eh^1,1185.07
392,John,Robert,Jones,tammy65@example.com,"8366 Kevin Tunnel
Tylerton, GA 79792",^Y#0zTod@H,4425.73
393,Cody,Peter,Rice,jameshebert@example.com,"USCGC Wyatt
FPO AP 80130",24CKW7bc$W,1853.82
394,Kathleen,Kristen,Ray,briannadawson@example.net,"52083 Harvey Canyon
Williamsfurt, ID 91983",&9XURJmu$j,3658.77
395,Emily,Robert,Phillips,bwolfe@example.com,"9061 Jackson Viaduct
Port Keith, MA 67241",W)6Odh9*pT,516.12
396,Frank,Dwayne,Cook,davidwilliams@example.com,"43550 Herring Creek
Pearsonview, DC 75513",(4M4Ht&)mc,3104.84
397,Daniel,Christopher,Garrett,hlewis@example.net,"1676 Hoffman Square
New Robertmouth, FL 10055",O^Wv4aHr$),92.73
398,Daniel,Michael,Montes,probinson@example.net,"35442 Ryan Place Suite 888
Erikaville, MN 72644",(9m55Ni1W9,4171.91
399,Laura,Breanna,Fleming,gallegoseric@example.org,"954 Paula Manors
Katiemouth, GA 44223",&1jLWyBgk8,1123.98
400,Emily,Vickie,Austin,ecampbell@example.net,"595 Gilbert Greens
Port Marcus, WA 51732",NK&5dNglW@,3914.03
401,Amy,Richard,Kent,lisa87@example.net,"6401 Christina Forest
Gloriamouth, LA 07619",t#PD#0LtN+,294.58
402,Daniel,Kevin,Miller,oparker@example.org,"3160 Keith Views
Ambertown, OR 39287",&5TihwnO+0,4151.11
403,Justin,Nichole,Patterson,uhudson@example.org,"52562 Sanchez Plain
Andrewborough, FL 53619",2Qvk(9Jo(@,1760.88
404,Amy,Rachel,Coleman,newmanbilly@example.com,"26953 Walsh Canyon Apt. 107
East Mark, DE 71088",%l6pJgfCj4,554.79
405,Patricia,Michael,Marsh,ckim@example.net,"86471 Miller Villages
Christopherfort, MD 74157",OW1jADyt%6,2594.79
406,Shannon,Jeffrey,Martinez,sherylray@example.net,"2377 Linda Falls
North Christopher, HI 23198",$j3S9%Cij&,1421.18
407,Robert,Tasha,Wilson,james71@example.com,"986 Mitchell Station
New Amanda, MO 70376",@_yivAaIf7,1973.77
408,Jodi,Cynthia,White,esimon@example.org,"518 David Dam Apt. 271
Jamesport, DC 19342",VJnE1_Cp@C,4130.51
409,Eric,Sarah,Potter,monica88@example.org,"5898 Roth Stream
Harringtonstad, IL 12193",*38_KxX3nC,85.37
410,Wesley,Elizabeth,Kelley,elizabeth11@example.net,"36333 Murphy Throughway Apt. 250
Olsontown, CO 64175",($gs6JgcS6,2478.81
411,Adrian,Alejandra,Steele,clarkrobert@example.net,"9357 Donald Ranch
North Christopher, NY 83846",*80ZsE#roP,3927.81
412,Maria,David,Johnson,rodriguezmichael@example.com,"6637 Hayes Parkways
New Melissashire, TX 55900",D(gSL4+dZJ,2945.97
413,Brian,Deanna,Scott,ireynolds@example.org,"2120 Graves Island
Port Cynthiastad, MI 91351",(61amY4uaw,3444.56
414,Richard,Roger,Edwards,michael97@example.org,"22978 Kelly Flat
Stephensborough, NH 70951",%e@oIPhy35,809.39
415,Rhonda,Lisa,Charles,joseph00@example.org,"917 Curtis Cliffs
North Lisaberg, NM 19161",%564BS$vfs,499.53
416,Sean,Margaret,Rojas,bakerholly@example.com,"37603 Brandi Estates Apt. 979
Bakerview, MA 89657",%Fu2RGq_rB,3793.75
417,Daniel,Jeremy,Cooper,danielrosales@example.net,"796 Miller Grove
Greerport, MO 31424",_1bL9M+iyT,4650.83
418,Erin,Kaitlyn,Blanchard,berrysean@example.org,"26881 Christopher Track Apt. 136
New Dianaburgh, CA 44318",(!44SY10!r,271.24
419,Paul,Robert,Villa,ryan55@example.com,"9918 Bobby Cliffs
Jonathanhaven, ND 17232",^9WWnZNEd0,4368.42
420,Brandy,Kevin,Chavez,leslie95@example.net,"72668 Michael Port
Annamouth, KY 83221",)ej1HdPCWl,3461.56
421,Kara,Jean,Sherman,james31@example.org,"1914 Brown Falls Suite 594
Youngstad, ME 80184",!@AH*IZD9j,2464.27
422,Shawn,Jeffrey,Lee,patriciamccormick@example.com,"3143 Jarvis Inlet Suite 619
South Richard, DE 07704",S6$T*Kis$2,42.25
423,Emily,Jeffrey,Valentine,sho@example.net,"5732 Smith Mountain Suite 902
Port Robert, ME 23857",_U+XOz&D9A,1936.46
424,Kimberly,Shannon,Taylor,jacobgreer@example.net,"USNV Glover
FPO AE 93391",%YZ0LtqyDg,3322.14
425,Thomas,Amy,Porter,michelle79@example.com,"4024 Gutierrez Parkways Suite 279
New Anne, OK 12793",Cgp7p7Gz)_,2857.2
426,Mckenzie,Jennifer,Johnston,courtneymcconnell@example.org,"99056 Martin Hills
East Ivan, NJ 26340",&PoF4GPt)#,185.61
427,Stephen,Todd,Scott,urice@example.com,"520 Paul Streets Apt. 014
East Jill, NE 40510",4(w6k%YRab,1891.31
428,Laura,Amy,Fox,paynepeter@example.net,"7219 Jessica Way
West Melindaland, CA 73846",&5OWERUxjL,3433.95
429,Chelsea,David,Valenzuela,travis80@example.org,"14810 Martin River Apt. 975
North Scottville, DC 45246",HVT+ch5i!1,2975.97
430,Michael,Kimberly,Wright,woodmichael@example.net,"261 Wayne Landing Apt. 122
Carrillotown, NC 86317",##Pg@1vh21,590.35
431,Zachary,Laura,Jackson,kimberly51@example.com,"398 Vargas Village
Lake Anthony, DC 17577",We!w#5Xq^$,3928.71
432,John,Megan,Rodriguez,crystalknight@example.org,"097 Jeffrey Place
South Johnberg, NM 15382",we2PAs@h(0,1127.0
433,Eric,Stephanie,Gallagher,tranjennifer@example.org,"140 Sarah Plaza Apt. 448
East David, IN 12946",@h0g2JxoWD,137.3
434,Jamie,Samantha,Mccullough,paul03@example.com,"2860 Tracy Walks
Lake Ashleyberg, SC 13121",$o&A4Fiz^3,1025.32
435,Mary,Brandy,Taylor,thomas14@example.com,"700 Sarah Station Suite 850
Perkinsstad, FL 15718",d(74iIvvpJ,2557.56
436,Tanner,Steven,Jones,scott66@example.com,"83875 Berry Ports Apt. 808
West Travis, TN 11417",DP6UGSzZX(,3420.24
437,Gavin,Kendra,Wood,richardrodriguez@example.net,"1538 Key Gateway
West Lindachester, WY 71457",)_OrSGBHl9,1062.56
438,Stephanie,Catherine,Wilkinson,tracysmith@example.org,"9682 Samuel Knolls Apt. 804
East Coryhaven, MS 69943",W^M06iyjYG,3757.84
439,Brooke,Deborah,Perkins,gomezcolleen@example.org,"7573 Harmon Meadow
Erinton, SC 21924",Wl8CpYIFm#,1800.6
440,Craig,Kara,Allen,watsonisaac@example.com,"53167 John Mountain
New Michelle, GA 73313",*m4HrRFNB6,2909.15
441,Breanna,Allison,Thompson,michaelsmith@example.com,"Unit 8428 Box 4456
DPO AE 69578",w!M@3MCnc&,4302.9
442,Margaret,Michelle,Guerrero,rachael46@example.net,"3805 Barton Club Suite 669
South Dianemouth, IA 72742",Q$5@8%Sv$L,1426.38
443,Paul,Nathan,Gutierrez,nicholasstrong@example.net,"531 David Spur
Lake Lisashire, SD 89236",&5bKhn(4sk,4621.44
444,Andrea,Cynthia,Miller,ballardsuzanne@example.net,"310 Bryant Flats Suite 932
Mackenzieside, WA 93367",&mQ7BKoeA&,4538.62
445,Chase,Karl,Mendez,amanda79@example.org,"7117 Gomez Pike Apt. 873
Nicholasland, WA 65912",s+q5z3Dg_F,4179.26
446,Jordan,Scott,Pena,gperry@example.com,"16976 Nathaniel Cliff
Taraberg, NC 06335",^7CFIcH3(f,1956.66
447,Mary,Evan,Robertson,orosales@example.com,"4729 Jacob Knolls
Sherryland, CA 70977",S)c0ZSuNdd,895.43
448,Brian,Brenda,Curry,thomas89@example.org,"USNV Terrell
FPO AE 85044",#@0bxZqzV1,1252.05
449,Mary,Julie,Cooper,amanda92@example.com,"450 Stephanie Place Suite 803
Jonathanmouth, NC 92691",@1K2deHEPY,2858.03
450,Cassandra,Kevin,Reyes,shawstacy@example.net,"8022 Benjamin Lakes Apt. 840
New Ryanville, NJ 50209",Gp3jsMim)j,2166.66
451,Holly,Melissa,Hernandez,benjaminsherman@example.net,"925 Patricia Roads
Port Maryfurt, CT 38594",C&%F9eEhmf,831.15
452,Jeremy,David,Brooks,ncameron@example.com,"15949 Brown Tunnel Apt. 479
Port Lorishire, MT 57157",#i4MyIf5G$,3694.47
453,Robert,Kimberly,Gomez,thomasross@example.com,"4628 Kristy Fort
Port Davidshire, RI 42789",20*)SkSm*2,4651.27
454,Samuel,Stephanie,Perkins,westjessica@example.com,"4840 Andre Mall
Port Emma, KY 42331",@dprLgbNR1,1453.01
455,Karen,Lucas,Patel,gsherman@example.net,"6034 Amy Shore Suite 364
East Anthony, KS 47002",I^e9zUy3W#,4715.14
456,Richard,Lisa,Hayden,bethwashington@example.org,"9695 Richardson Squares Suite 733
North Tamaramouth, NH 94796",U8uX3h_b&c,2945.75
457,Teresa,Sean,Velez,fjohnson@example.net,"7790 Charles Knoll Suite 662
Crawfordburgh, WY 27262",V*M5B1qHxK,2159.06
458,Andre,Benjamin,Anderson,nsmith@example.org,"42253 William Place Suite 633
Colemanstad, KS 04557",Yr_3PkFcZ2,977.01
459,Christina,Mary,Blair,brandon20@example.com,"69263 Aaron Stravenue
Jameshaven, AK 93284",^95Ym9r773,4590.23
460,Howard,Peter,Wong,usilva@example.net,"6073 Calderon Road
East Jenniferland, CT 64414",!n)IiR+620,2741.23
461,Michael,Nicole,Smith,david41@example.org,"30329 Le Ways Apt. 940
Michaelberg, KY 25742",1+D40KAwwG,3487.18
462,Lisa,Donald,Payne,zamorathomas@example.com,"34478 Gaines Center
South Derrickborough, FL 48274",b4D4iB82#2,3094.55
463,Allison,Steven,Arnold,javila@example.net,"PSC 4793, Box 9432
APO AA 69990",$)&Z8mOdUu,781.58
464,Crystal,Paula,Cameron,crystal07@example.net,"49052 Ricky Brooks Suite 834
Williamberg, KY 81894",e82uPKRy@g,254.1
465,Emily,Sheila,Carey,ogarcia@example.net,"91319 Barrera Centers
Ericberg, PA 29625",qm6^dR&oP^,2200.85
466,Kristen,Debra,Kelly,debracarrillo@example.net,"42149 Joshua Branch Suite 231
East Tamaraview, KS 53962",9c0QsaV)+(,2906.55
467,Amy,Adrienne,Santos,mayersarah@example.org,"554 James Squares
North Adam, WA 32890",FdMuSlZV$4,2562.85
468,Monique,Christopher,Suarez,hubbardwilliam@example.com,"56443 Elizabeth Vista
New Christina, KY 50959",jI04Lxl!$i,2155.83
469,John,Rebecca,Garcia,amandarivera@example.com,"57945 Alison Mission Apt. 582
Matthewview, OH 89154",9wPRopQx(o,4026.6
470,Jennifer,Diana,Bowen,xmarshall@example.com,"412 Underwood Harbors
Halltown, ID 69719",qreDc3Gc_f,3376.03
471,Natalie,Joann,Watkins,annettecarlson@example.org,"Unit 0892 Box 5818
DPO AE 36888",%(*x4Sem2#,1533.89
472,Kelly,Cynthia,Faulkner,whiteapril@example.net,"9114 Christopher Points Apt. 637
West Christian, RI 53217",DO(Ui0Ue_w,629.1
473,Dustin,Michael,Hawkins,michaelvaughn@example.net,"5475 Scott Burgs
Reynoldsbury, HI 84520",^3mN@yPcO4,4352.36
474,Yvette,Jason,Aguilar,smithrussell@example.org,"6383 Jeffrey Key
Johnstad, WI 54876",1m+0zMq!@T,1401.22
475,Kiara,Lisa,Oconnor,mryan@example.org,"031 West Ramp
Kathyville, VT 09408",3DBUehk#%w,2384.16
476,Richard,Jimmy,Benson,jeromemendoza@example.net,"25217 Sarah Plains
Evansberg, AZ 44561",f6tLnebX_2,3458.98
477,Sydney,Danielle,West,pereztimothy@example.net,"72311 Alison Drives Apt. 407
Jasonfurt, WA 89661",Z+5sFLA(bm,266.23
478,Javier,Corey,Pennington,reynoldsmelissa@example.org,"20537 Cindy Expressway Apt. 844
Jacksonfurt, MD 25798",jC95@Qq(@^,2488.51
479,Richard,Christine,Becker,hendersondenise@example.net,"181 Scott Turnpike
North Joseph, DE 36636",h$#65CUsXu,2352.81
480,Sandra,Charles,Matthews,jamiestone@example.net,"80753 Olson Square
South Jenniferville, MN 83702",IU!x2SYzla,86.8
481,Joshua,Olivia,Delgado,kjohnson@example.org,"4125 Bray Knolls
East Jackie, ME 36800",A4^NCtdu&Q,4379.93
482,Holly,Matthew,Harris,susan24@example.com,"17829 Crawford Vista
West Matthew, MA 14550",SU_Pr3Ze($,4693.97
483,Michelle,Michele,Johnson,stephanieferrell@example.org,"91531 Richardson Common Suite 837
Russellport, ME 54297",(8B4EcX1xS,1691.82
484,Jordan,Reginald,Luna,murrayryan@example.com,"83735 Stephanie Shores Suite 472
Port Debraberg, ME 45102",pW#M5Ech@K,2432.83
485,Tammy,Elizabeth,Hodge,diazdarius@example.com,"877 Briggs Inlet
Colemanhaven, RI 23519",r8SD5g9U!k,3688.29
486,Johnathan,Jennifer,Tran,jasmine39@example.com,"6345 Davis Plains Suite 951
Port Antonio, AL 85632",OK0D1QpL%J,2306.54
487,Kevin,Tyler,Daniels,ramosamy@example.com,"257 Collier Flat Apt. 222
Fletcherville, IN 23657",AoknNXNs(8,101.57
488,Andrew,Jeffrey,King,fisherjustin@example.net,"531 Smith Village
Lisaberg, MI 71234",yp6&qXRay&,2698.58
489,Jodi,Wayne,Stewart,christopher58@example.org,"608 Brandon Walks
Hollyside, AK 49975",eoDAwO9n)0,2765.72
490,Jennifer,James,Miller,fergusonmichael@example.com,"26846 Thomas Stravenue
North Jillianchester, MN 74161",P+xd%2Sk8e,2199.8
491,Yesenia,Eric,Thomas,belindamendoza@example.org,"20007 Alan Creek
New Nicholashaven, PA 37431",z5Wv%#ll_u,898.95
492,Craig,William,Mcdonald,hhill@example.com,"5899 Peterson Terrace
Port Ernest, PA 52259",h_qIke^e+9,228.9
493,William,Ashley,Cochran,acostacindy@example.org,"1782 Karen Motorway Suite 511
West Annaborough, IL 90239",YK@3)W0x%+,3901.87
494,Peter,Bryan,Brewer,louis97@example.com,"36829 Robert Cliff Suite 570
Port Wendytown, CO 35295",)1f4ECWs$v,1539.51
495,Joan,Charles,Moore,kfrank@example.com,"935 Nguyen Springs Suite 461
Montoyabury, TN 33858",)4APnKaHj3,3423.68
496,David,Kaitlin,Mason,brian97@example.net,"14127 Clarence Isle Suite 783
Fernandezview, AR 94753",*z_4A5cuF6,2317.18
497,Jessica,Christian,Mcbride,estradaamber@example.org,"295 Jones Shores
East Kimberly, IN 08764",7xBRNdf&#K,502.58
498,Derek,Scott,Burton,ericclayton@example.org,"52016 Harmon Freeway
Danielton, VT 88907",!2J9$frA6),149.3
499,Bruce,Joanne,Jones,smithpaula@example.org,"6143 Autumn Stravenue Apt. 379
Caldwellside, AR 31470",2sn5LtNfN!,615.4
